name,chr,pos,strand,mcm_chip_seq_dm82,mcm_chip_seq_dm282,input_chip_seq_dm271_mcm,input_chip_seq_dm272_mcm
oridb_1,1,766,-,0,1.4418,280.3033,285.7986
oridb_2,1,6751,-,95.2545,213.1437,44.0755,35.8476
oridb_3,1,8222,-,217.311,288.0607,107.7955,107.9379
oridb_4,1,10208,-,57.9103,175.6118,77.9264,119.3331
oridb_5,1,17150,+,33.0581,206.6386,96.1464,99.1143
oridb_6,1,31002,+,194.7197,528.6698,101.0422,106.2001
oridb_7,1,42044,+,375.6838,507.1846,201.2016,231.986
oridb_8,1,70433,-,1651.9623,630.0925,194.5337,210.9376
oridb_9,1,100009,+,147.1586,120.8374,194.171,189.333
oridb_10,1,124528,-,254.6352,526.1825,416.4243,497.708
oridb_11,1,137563,+,94.3451,90.3355,171.1905,165.4794
oridb_12,1,147580,-,482.6776,677.7675,182.8561,149.2627
oridb_13,1,159952,+,501.6011,948.0419,225.6436,203.1986
oridb_14,1,167466,+,258.794,172.6845,199.8659,249.2314
oridb_15,1,176232,+,244.5719,1008.4975,146.5586,156.0375
oridb_16,1,197548,-,70.9975,124.5495,14.9382,15.0688
oridb_17,1,208247,+,1.421,5.7838,3.0059,2.7015
oridb_18,1,215028,-,0,1.4418,1.4418,1.4418
oridb_19,1,223153,+,5.7379,2.3398,2.8148,2.3322
oridb_20,1,226899,-,0,1.4418,2.3133,2.2821
oridb_21,1,229750,+,0,1.4418,3.7709,5.894
oridb_22,2,78,+,0,0.8604,27.4945,47.3526
oridb_23,2,6573,-,100.9148,875.941,110.5173,138.7748
oridb_24,2,28990,+,1297.4488,822.2912,166.106,217.2806
oridb_25,2,38833,+,140.8568,185.3378,69.4281,77.2287
oridb_26,2,63374,-,1052.3091,1768.9293,193.7398,187.3156
oridb_27,2,71759,+,147.7552,160.9652,170.8149,160.3533
oridb_28,2,80251,+,86.6754,81.8704,85.5964,121.4686
oridb_29,2,93540,+,459.5664,582.5638,123.0528,138.8049
oridb_30,2,97425,-,191.8417,202.7609,167.068,132.8544
oridb_31,2,100314,-,168.8522,202.0565,246.5257,254.9521
oridb_32,2,135518,+,150.469,226.2715,202.6857,191.4701
oridb_33,2,143749,-,546.1726,640.1277,94.2341,112.8718
oridb_34,2,170264,-,806.2805,628.112,168.0758,212.7104
oridb_35,2,177814,+,107.9869,203.6836,170.4484,180.0365
oridb_37,2,198426,-,125.3055,375.6866,121.2599,124.5759
oridb_38,2,209627,-,192.1554,193.745,235.9532,187.2181
oridb_39,2,227897,+,113.1941,135.504,122.6953,102.6924
oridb_40,2,237876,-,583.0478,1148.5666,149.5674,183.9655
oridb_41,2,246606,+,187.0357,278.7926,209.0889,205.8173
oridb_42,2,255088,-,495.8779,1717.7039,164.5811,200.4413
oridb_43,2,259006,-,71.024,8.0463,20.0262,23.8661
oridb_44,2,265329,-,17.869,1.4418,1.7108,1.5887
oridb_45,2,279220,+,171.6188,155.9486,173.3087,157.6823
oridb_46,2,283629,+,121.4209,185.1075,244.9145,243.1272
oridb_48,2,296115,+,73.1677,99.7831,121.1275,116.087
oridb_49,2,308952,-,134.1331,265.6638,149.5829,140.0364
oridb_50,2,326192,+,864.3445,592.6069,182.6895,162.1231
oridb_51,2,343019,+,117.5078,156.7874,133.7703,113.046
oridb_52,2,373713,-,369.2173,289.9826,262.6211,243.6476
oridb_53,2,379103,+,312.2853,524.1187,200.9872,241.7839
oridb_54,2,390188,+,125.9196,159.9116,91.04,96.4518
oridb_55,2,408042,-,620.4446,800.9076,548.9842,503.9909
oridb_56,2,417838,+,205.4807,510.8345,91.1578,92.406
oridb_57,2,441022,-,102.0613,151.4234,120.9312,142.1868
oridb_58,2,479085,+,146.613,176.3647,76.5723,104.4087
oridb_59,2,486898,-,916.6695,986.7676,165.0979,161.0432
oridb_60,2,499338,-,77.3034,104.3628,55.8626,62.5761
oridb_61,2,504504,-,254.8879,277.6794,261.3913,247.2757
oridb_62,2,517302,-,424.2869,482.2725,144.1644,126.5293
oridb_63,2,539417,-,570.7179,640.4716,140.4591,146.1739
oridb_64,2,551790,+,103.6084,111.5922,413.9923,387.1752
oridb_65,2,583461,+,148.474,155.1246,152.9794,153.9419
oridb_66,2,591458,+,693.8671,743.7059,113.4712,116.3178
oridb_67,2,612129,-,242.666,262.7428,174.7457,204.088
oridb_68,2,622804,-,210.6147,488.2646,118.2744,96.2108
oridb_69,2,627729,+,193.0514,176.003,157.9858,146.6121
oridb_70,2,632045,+,200.9002,426.5288,58.07,54.1108
oridb_71,2,676286,+,215.5092,284.7985,98.0021,127.2009
oridb_72,2,691999,-,142.5768,111.5882,94.4917,109.3404
oridb_73,2,704338,+,1455.6709,795.0954,134.2337,156.5615
oridb_74,2,707518,-,185.0677,231.9611,142.6141,160.2542
oridb_75,2,720667,+,304.6569,515.1279,113.7729,87.6947
oridb_76,2,727378,+,107.078,231.0041,159.1773,199.5284
oridb_77,2,741782,-,1644.3914,1571.1433,242.8496,236.5902
oridb_78,2,757484,+,432.4713,1227.8567,111.4626,130.0481
oridb_79,2,761020,+,124.5763,123.6391,155.0311,182.0171
oridb_80,2,774037,-,588.5077,954.372,120.722,139.2929
oridb_81,2,792096,-,104.1754,268.6734,66.4894,79.8388
oridb_82,2,796569,+,166.8463,372.1433,120.3182,117.622
oridb_83,2,802597,-,226.9783,450.8145,75.4976,68.7469
oridb_84,2,812408,+,0,1.4418,1.4418,1.4418
oridb_85,3,1063,-,0,1.4418,69.3051,93.0674
oridb_86,3,4972,-,3.737,2.127,7.0042,5.9152
oridb_87,3,11254,+,38.0722,243.6893,13.9022,14.096
oridb_88,3,12312,+,0,9.1219,3.6821,3.4406
oridb_89,3,14698,+,438.6584,671.2804,111.93,140.6898
oridb_90,3,15199,-,139.7447,570.3057,136.99,146.4523
oridb_91,3,15295,+,120.1038,550.7818,131.95,146.8015
oridb_92,3,30453,-,102.6286,318.7495,139.5523,152.7954
oridb_93,3,39592,-,494.9215,1091.5069,213.5265,185.6375
oridb_94,3,54938,-,178.1021,168.4595,135.2489,165.6518
oridb_95,3,74518,+,698.6387,1777.2568,237.7979,275.6623
oridb_96,3,82551,-,106.2313,123.9758,47.3022,61.146
oridb_97,3,108973,-,894.9617,1241.5411,192.4146,184.3777
oridb_98,3,114471,-,153.1519,284.3179,132.7303,136.8692
oridb_99,3,132041,+,277.9971,582.0231,218.1966,214.0596
oridb_101,3,141733,-,135.8705,147.1664,168.0593,153.4531
oridb_102,3,162417,+,246.0719,91.9685,158.6814,143.2545
oridb_103,3,166709,-,468.1983,593.9205,144.1719,184.3763
oridb_104,3,192870,+,116.2031,105.8715,144.1364,144.8081
oridb_105,3,194306,+,964.8415,757.7916,213.4682,241.6279
oridb_106,3,197556,-,795.5665,754.539,225.7335,219.254
oridb_107,3,200088,+,0,1.4418,1.4418,1.4418
oridb_108,3,205745,-,55.7844,16.4106,58.5869,77.6419
oridb_109,3,223280,+,249.6823,238.3471,357.1615,314.1906
oridb_110,3,224857,+,598.7779,770.7637,222.3914,240.6395
oridb_111,3,262721,+,184.5612,223.3734,168.3312,152.085
oridb_112,3,273028,-,148.7058,319.4691,86.3476,83.2664
oridb_113,3,292684,-,35.5106,168.269,37.5493,70.8513
oridb_114,3,294818,+,43.848,216.4065,59.9376,64.8747
oridb_115,3,310937,-,78.9313,164.7346,75.5475,95.3884
oridb_116,3,315815,+,0,1.4418,26.4172,34.3762
oridb_117,4,869,-,0,1.4418,1.5502,1.5164
oridb_118,4,8590,+,0,1.4418,1.4418,1.4418
oridb_119,4,15682,-,0,1.4418,1.4418,1.4418
oridb_120,4,21762,-,179.666,268.8976,172.3721,185.3768
oridb_121,4,46230,-,1475.2108,1236.1077,144.1697,158.8289
oridb_122,4,50458,+,144.2055,134.0588,140.5634,134.7513
oridb_123,4,86125,-,1905.6181,1580.5202,166.3335,194.4553
oridb_124,4,95925,+,206.4558,189.8839,134.4577,141.2551
oridb_125,4,101258,-,188.3294,194.1502,119.0958,149.5161
oridb_126,4,123795,-,431.0229,549.2628,130.2395,131.2415
oridb_127,4,137679,-,288.1752,458.3873,87.618,100.0888
oridb_128,4,157976,-,332.1395,531.4495,152.0996,134.9505
oridb_129,4,170260,-,138.7937,104.0687,106.9829,118.6372
oridb_130,4,212594,-,289.5899,511.132,137.2364,179.5234
oridb_131,4,226819,-,149.9922,122.4251,277.4038,222.3815
oridb_132,4,232595,-,224.6018,234.849,172.703,166.3668
oridb_133,4,236067,-,312.2493,321.9103,154.1033,148.0382
oridb_134,4,253840,+,668.948,888.7114,149.2873,139.4209
oridb_135,4,256529,+,104.044,100.0544,101.2273,109.7737
oridb_136,4,316863,+,679.155,771.1434,220.4142,231.0069
oridb_137,4,329672,+,291.9341,491.5504,138.7812,140.2516
oridb_138,4,351158,-,148.6028,175.8862,155.3177,168.9532
oridb_139,4,358549,-,206.4772,236.4645,217.2874,230.0164
oridb_141,4,408132,+,437.9338,568.5597,235.1088,199.8534
oridb_142,4,435162,+,157.0391,525.7354,145.2376,143.9232
oridb_143,4,443401,-,203.9495,237.0878,225.2546,185.6532
oridb_144,4,462607,-,1266.0605,1308.7916,1984.404,2024.7072
oridb_145,4,476641,-,145.0373,312.0895,105.9149,102.063
oridb_146,4,484038,-,1599.7409,1089.6228,234.5231,223.1885
oridb_147,4,505521,-,272.7133,671.3624,161.3912,182.8913
oridb_148,4,555401,-,753.3818,1440.0436,186.7072,209.2835
oridb_149,4,567584,+,622.1399,851.7201,158.7327,136.3243
oridb_150,4,607611,+,174.7419,113.4739,143.8335,130.9965
oridb_151,4,629330,-,452.4725,784.6293,94.4093,114.7009
oridb_152,4,640067,-,310.6467,466.0296,102.5218,93.698
oridb_153,4,642270,+,123.844,144.1968,135.8428,120.9949
oridb_155,4,702929,+,564.6281,737.755,176.0697,162.0482
oridb_156,4,720859,-,289.1414,301.9194,177.857,154.8672
oridb_157,4,733750,-,114.5321,126.6371,137.835,115.5944
oridb_158,4,748442,+,146.8838,324.1125,94.5784,78.1046
oridb_159,4,753338,-,187.994,441.8341,81.6358,85.2114
oridb_160,4,764067,+,131.1256,145.1558,163.5594,166.7791
oridb_161,4,778801,+,101.2768,109.7053,94.5098,104.3402
oridb_162,4,791890,+,68.9502,74.057,71.029,75.7381
oridb_163,4,806104,+,1834.7898,1762.4401,229.7617,211.2269
oridb_164,4,818621,+,96.8766,123.3725,106.5211,106.037
oridb_165,4,832734,-,113.2286,178.152,116.0776,139.6639
oridb_166,4,845292,+,110.9375,183.953,125.901,136.5556
oridb_167,4,859181,+,208.7012,177.2481,215.6928,221.8891
oridb_168,4,878206,-,8.6054,217.0884,25.7192,46.565
oridb_169,4,898472,-,220.819,285.7117,81.5478,95.051
oridb_170,4,904208,+,125.5744,146.6862,107.7958,116.241
oridb_171,4,913862,+,363.8887,903.8966,160.0644,130.7465
oridb_172,4,921742,+,274.4442,442.9948,114.4552,105.9529
oridb_173,4,943853,+,149.499,189.3299,105.4479,133.0131
oridb_174,4,954077,+,153.0068,175.0711,189.6394,221.458
oridb_175,4,980190,+,81.423,177.2188,138.755,120.2733
oridb_176,4,994152,+,139.628,112.5604,92.3123,112.6862
oridb_177,4,1016852,-,830.5707,1068.1724,150.2974,185.9647
oridb_178,4,1021685,-,189.8757,279.1439,170.7131,182.0785
oridb_179,4,1033283,-,196.4042,239.5387,91.6369,104.7067
oridb_180,4,1057893,+,134.9004,293.2798,86.7661,89.2968
oridb_181,4,1110140,-,554.7447,774.9448,54.1311,64.9068
oridb_182,4,1130882,+,140.2087,205.9455,126.4975,152.5644
oridb_183,4,1132701,-,110.1492,141.1766,97.1369,124.5355
oridb_184,4,1159467,-,1436.6243,1795.9367,59.0093,80.6975
oridb_185,4,1166177,-,749.7273,1031.8319,241.5185,262.4099
oridb_186,4,1202184,-,142.5202,185.2976,149.2938,150.9636
oridb_187,4,1240924,+,308.9165,527.9607,150.2661,162.5193
oridb_189,4,1276282,+,296.2299,525.1423,137.593,152.2201
oridb_190,4,1302761,-,250.6297,567.3022,125.0626,150.7813
oridb_191,4,1305708,+,155.9805,241.5243,125.5923,147.0046
oridb_193,4,1353578,+,751.8904,855.7608,151.9826,151.0118
oridb_194,4,1355616,-,180.7115,192.1029,526.8582,542.2572
oridb_195,4,1379744,-,141.0855,272.6438,103.0486,116.0537
oridb_196,4,1385386,-,588.027,351.3576,166.4458,193.8216
oridb_197,4,1404327,+,679.5538,632.2937,147.1216,176.2114
oridb_199,4,1447476,+,1381.3374,1657.119,168.516,186.7994
oridb_200,4,1454461,+,152.6389,255.529,221.6987,202.4252
oridb_201,4,1462052,+,316.4872,673.3478,146.7807,155.3571
oridb_202,4,1469789,-,215.0488,253.7358,212.4214,211.6759
oridb_203,4,1470484,-,207.0697,242.912,198.7727,214.4732
oridb_204,4,1487097,-,861.6093,1298.146,118.3328,114.6777
oridb_205,4,1496005,-,125.0649,133.8095,94.5236,103.5312
oridb_206,4,1502793,-,652.7242,642.4008,89.7527,115.4383
oridb_207,4,1505529,-,80.4232,84.4328,72.394,108.8342
oridb_208,4,1524646,+,217.1102,1233.3899,91.4789,92.993
oridb_209,4,1531721,+,0,1.0782,1.0782,1.0782
oridb_210,5,62,+,0,0.8316,31.3967,30.6505
oridb_213,5,9476,-,133.3866,172.1248,163.427,170.7026
oridb_214,5,11950,-,231.1455,438.8436,150.1123,153.7116
oridb_215,5,18453,+,196.7248,499.0705,189.5755,176.9242
oridb_216,5,59470,-,171.1731,366.5575,157.4254,135.3116
oridb_218,5,94055,+,756.5402,2200.0342,173.2215,180.1118
oridb_219,5,110169,-,296.3816,492.3528,129.1921,143.7607
oridb_220,5,145714,-,561.5845,846.7283,153.5132,173.8089
oridb_221,5,164504,-,169.1943,265.6701,142.5308,155.4573
oridb_222,5,173808,-,351.6516,666.5542,199.4444,184.6197
oridb_223,5,184224,+,271.3785,268.5324,237.76,197.793
oridb_224,5,192693,+,393.4668,357.9223,532.2155,489.901
oridb_225,5,212454,+,536.5446,921.5072,424.1645,453.5453
oridb_226,5,256282,-,311.2554,365.5112,122.2578,112.6309
oridb_227,5,276362,+,244.7916,323.4879,203.3874,178.9105
oridb_228,5,278177,-,258.8091,348.9101,115.6129,140.7254
oridb_229,5,287565,+,1275.1701,1529.0682,1402.9308,1530.7927
oridb_230,5,301748,+,263.9348,374.5102,167.2212,200.4643
oridb_231,5,316627,-,274.9273,275.7707,160.8473,187.4886
oridb_232,5,353582,+,320.8314,633.6181,180.2495,177.9026
oridb_233,5,406903,-,480.3456,531.2871,81.1949,66.6408
oridb_234,5,418458,-,171.9511,137.6245,108.3356,106.174
oridb_235,5,430572,-,156.85,150.1222,160.9904,181.2383
oridb_236,5,439102,-,1201.1218,945.4376,200.7454,211.1091
oridb_237,5,442500,+,532.9795,274.2733,585.5691,422.8423
oridb_238,5,480553,-,127.8269,147.5914,180.0988,161.0527
oridb_239,5,498884,+,996.6607,916.2952,710.088,772.5262
oridb_240,5,506836,+,138.6955,107.1876,137.6045,169.7618
oridb_241,5,520869,+,143.5274,269.285,91.7668,103.8451
oridb_242,5,549682,-,599.0726,919.5518,130.0423,136.394
oridb_243,5,561305,+,86.0991,146.2899,117.0533,96.9666
oridb_244,5,569629,+,343.3279,924.0801,295.9379,320.84
oridb_245,5,576722,-,0,0.9864,0.9864,0.9864
oridb_247,6,5495,-,179.3034,890.7414,411.4333,432.7049
oridb_248,6,12396,-,32.9886,43.6007,16.5303,23.2445
oridb_249,6,19133,-,390.2501,404.6171,106.8942,79.5922
oridb_250,6,20801,+,1862.1466,1090.52,143.728,139.1222
oridb_251,6,32713,+,659.217,1139.4805,124.1059,147.2496
oridb_252,6,32973,-,697.8911,1129.5141,136.0313,165.3142
oridb_253,6,54392,-,255.3644,298.9157,243.7749,198.2689
oridb_254,6,62867,+,109.1679,138.8217,161.99,132.1185
oridb_255,6,68856,-,176.6602,303.2384,87.7378,83.2841
oridb_256,6,98983,-,114.5103,113.2676,98.3879,94.6904
oridb_257,6,104623,+,208.8211,208.7248,181.261,152.5685
oridb_258,6,118652,+,173.9207,390.778,153.023,186.2772
oridb_259,6,127861,+,243.9576,291.9765,176.7509,211.3499
oridb_260,6,136045,-,610.9885,708.5798,175.6501,195.6237
oridb_261,6,167732,-,265.0564,1006.414,71.6549,109.7669
oridb_262,6,199401,+,732.9277,2643.5417,162.0479,156.4852
oridb_263,6,216469,+,333.8845,709.995,148.9353,120.5295
oridb_264,6,242828,-,152.4285,145.0276,188.6387,187.1114
oridb_265,6,253461,-,199.6586,255.4273,128.9426,154.5134
oridb_266,6,256375,-,1832.6232,1679.5328,208.1331,233.9804
oridb_267,6,268534,+,0,1.4418,93.4753,80.5927
oridb_268,6,269754,+,0,1.431,150.3229,152.9294
oridb_269,7,746,-,0,1.4418,2.0439,1.9751
oridb_270,7,7948,-,151.7574,10.7195,4.33,4.1537
oridb_271,7,17922,-,135.3737,232.3651,64.9109,59.0929
oridb_272,7,28949,+,140.5104,108.2367,148.453,107.4528
oridb_273,7,34416,-,61.3328,94.5391,93.6501,118.5813
oridb_274,7,64459,-,322.3639,766.0189,223.1671,248.2749
oridb_275,7,69399,+,177.4786,182.9322,151.3437,160.9562
oridb_276,7,112128,+,253.4564,538.2257,124.2327,139.0301
oridb_277,7,114900,-,234.5403,333.4058,174.7267,187.8907
oridb_278,7,117681,+,228.4908,336.4265,103.0643,117.0767
oridb_279,7,163241,+,186.1775,336.4497,165.5096,197.9779
oridb_280,7,167275,-,127.8459,165.8535,140.7082,150.8748
oridb_281,7,171138,+,67.6539,99.2678,57.6064,64.3228
oridb_282,7,187391,+,247.1177,389.817,101.4905,131.3893
oridb_283,7,203977,+,301.3475,634.5393,82.5448,101.5887
oridb_284,7,231934,+,70.2287,110.4912,62.3384,92.2916
oridb_285,7,241185,+,303.7514,474.9746,117.0913,142.0159
oridb_286,7,267715,-,133.8732,141.0616,127.2104,159.9045
oridb_287,7,269838,+,198.9522,226.2004,254.9623,227.5517
oridb_288,7,275218,+,114.57,146.0737,162.3473,161.5335
oridb_289,7,286009,+,286.2983,581.4638,142.2821,157.107
oridb_290,7,288018,-,120.1493,163.0234,173.4024,150.766
oridb_291,7,319025,+,116.2541,139.0016,103.3165,96.8719
oridb_292,7,344303,-,250.9755,145.2611,136.833,149.421
oridb_293,7,352867,-,451.7351,626.3707,197.5172,200.23
oridb_294,7,388850,-,288.0053,518.4548,157.9403,167.6461
oridb_295,7,421286,-,712.6192,954.6567,1187.3118,1236.6575
oridb_296,7,457145,-,171.5486,119.8935,188.6644,181.6339
oridb_298,7,485116,-,655.2988,1152.5696,176.3732,188.9893
oridb_299,7,508912,-,494.0543,928.8416,342.2344,392.435
oridb_300,7,535383,-,32.9551,50.9309,68.3576,109.6151
oridb_301,7,552182,+,269.3694,285.7914,232.4394,210.8916
oridb_302,7,568665,-,381.9203,496.054,64.628,85.8501
oridb_303,7,574704,+,189.5455,242.7803,168.0306,147.2266
oridb_304,7,575725,-,282.7153,387.0809,623.6553,570.9036
oridb_305,7,582552,-,98.1486,86.2335,86.9375,100.0817
oridb_306,7,591937,+,214.4491,256.1056,258.1879,285.5842
oridb_307,7,607533,-,141.3216,195.7033,147.9,134.9571
oridb_308,7,621888,+,122.6912,157.1162,123.5947,152.7322
oridb_309,7,627718,-,108.8291,118.6038,114.3858,111.4721
oridb_310,7,653853,-,408.8048,613.5856,245.7689,238.7954
oridb_311,7,660005,-,420.9526,629.1243,175.7511,192.4258
oridb_312,7,715318,+,170.3507,414.6066,71.6881,78.7709
oridb_313,7,735715,-,37.0213,36.7128,9.0422,17.9849
oridb_314,7,765627,+,167.8105,159.5383,162.0729,200.2625
oridb_315,7,778018,+,706.0509,756.9355,134.2286,154.0753
oridb_316,7,795725,+,89.827,155.2674,144.0596,147.5789
oridb_317,7,801922,+,155.2062,196.5029,194.9599,203.7601
oridb_318,7,834670,-,568.2197,936.1695,173.1504,178.9144
oridb_319,7,847261,-,316.6137,273.8582,249.9172,238.3606
oridb_320,7,855163,+,166.7303,99.0434,155.2237,146.7102
oridb_322,7,888417,+,160.1257,797.8584,73.995,114.7319
oridb_323,7,916913,+,371.386,406.6013,127.5963,126.2384
oridb_324,7,970601,-,230.1289,228.8196,175.032,167.2413
oridb_325,7,977912,-,560.6194,591.7354,151.2508,157.4351
oridb_326,7,999506,+,149.3964,485.0942,59.7707,109.4941
oridb_327,7,1002291,+,302.4243,455.6397,147.5583,208.4863
oridb_328,7,1004616,-,299.0875,340.9805,144.2348,130.2023
oridb_329,7,1039505,-,45.5882,37.5502,52.3147,62.4541
oridb_330,7,1063507,+,935.4391,840.5757,97.8964,92.6819
oridb_331,7,1073878,-,142.5615,208.4024,106.8944,100.9588
oridb_332,7,1083677,+,150.6647,743.4279,412.9205,540.7975
oridb_333,7,1090800,-,0,0.9864,0.9864,0.9864
oridb_334,8,243,+,0,1.1574,24.9957,27.0758
oridb_335,8,5469,-,188.9891,762.7467,158.0438,186.8961
oridb_336,8,7755,-,117.0922,398.3692,67.8583,108.018
oridb_337,8,10615,+,204.1742,173.1944,145.802,126.8112
oridb_338,8,45794,-,399.4328,550.8969,176.2263,173.4977
oridb_339,8,59061,+,88.7141,126.0058,131.1602,181.6801
oridb_340,8,64300,+,317.2892,437.7869,127.8123,143.8492
oridb_341,8,78786,-,58.033,81.6556,78.6189,75.1278
oridb_342,8,89202,-,0,1.4418,1.4418,1.4418
oridb_343,8,94960,+,178.6392,72.9901,140.1648,125.5489
oridb_344,8,111453,-,140.4711,259.9388,186.5094,137.5291
oridb_345,8,116416,-,515.7272,600.5434,124.1453,146.4532
oridb_346,8,133532,-,425.919,454.2224,88.031,148.4117
oridb_347,8,135411,-,66.2338,81.4453,85.6191,92.2046
oridb_348,8,140635,-,221.7618,397.579,201.3526,217.7153
oridb_349,8,168598,+,743.4178,694.8092,160.7865,171.2447
oridb_350,8,192701,-,158.6928,170.0923,218.7688,171.0853
oridb_351,8,197818,+,156.0241,171.3346,170.6271,159.8955
oridb_352,8,213554,+,0,1.4418,1.4418,1.4418
oridb_353,8,215552,+,0,1.4418,1.4418,1.4418
oridb_354,8,219379,+,208.7379,189.5364,275.5908,288.1217
oridb_355,8,245790,+,233.7505,513.3021,151.9957,191.7901
oridb_356,8,262093,+,101.0929,122.2265,102.2413,103.8263
oridb_357,8,280149,+,89.7179,132.6602,138.6683,144.1289
oridb_358,8,287001,-,210.5169,243.1316,143.3583,133.7315
oridb_359,8,297087,+,2714.0012,2186.0658,326.1107,264.1082
oridb_360,8,344447,-,117.7888,111.6277,109.611,113.282
oridb_361,8,359715,-,887.2822,910.5874,173.1694,183.554
oridb_362,8,365285,+,86.8072,113.3095,193.5962,218.7151
oridb_363,8,380993,+,349.7311,492.0676,169.5884,187.8618
oridb_364,8,392251,-,346.1594,631.5067,82.1261,99.3192
oridb_365,8,406244,-,109.238,175.4013,91.3627,110.7449
oridb_366,8,447795,-,285.189,540.1656,144.7694,177.8688
oridb_367,8,452705,+,500.8907,440.3092,380.0307,391.7327
oridb_368,8,474575,-,163.8749,473.2224,154.4791,200.4079
oridb_369,8,501950,-,413.0689,741.6034,142.6233,148.5776
oridb_371,8,520397,-,305.575,440.2617,103.4793,113.6878
oridb_372,8,535639,-,0,1.4418,1.4418,1.4418
oridb_373,8,550650,-,0.9559,6.3283,2.1483,2.2224
oridb_374,8,553550,-,403.0551,460.5908,250.492,274.4276
oridb_375,8,556140,+,397.9609,1690.9906,178.0059,166.6376
oridb_376,8,562249,-,0,1.431,121.4571,124.9771
oridb_377,9,285,+,0,1.233,2.1438,1.9835
oridb_378,9,7749,-,0,1.4418,1.4418,1.4418
oridb_379,9,10853,+,0,1.4418,1.4418,1.4418
oridb_380,9,16483,+,0,1.957,1.8987,1.8795
oridb_381,9,30633,+,153.0223,288.6436,113.0349,113.9169
oridb_382,9,33484,-,538.508,706.018,161.8317,183.8476
oridb_383,9,51502,-,88.3923,102.5913,107.7114,93.5572
oridb_384,9,73969,-,507.7098,614.4436,82.4235,108.6908
oridb_385,9,80156,-,396.1477,481.4874,46.7221,72.6042
oridb_386,9,105967,-,179.729,346.1307,90.5285,88.4685
oridb_387,9,113656,+,170.5831,200.1113,226.9798,207.5049
oridb_388,9,136288,-,244.5533,274.4175,82.792,89.3058
oridb_389,9,163132,-,134.2752,187.0294,85.8014,71.3743
oridb_390,9,175170,+,961.4828,683.4227,361.8473,391.8483
oridb_391,9,183249,+,189.5157,153.0379,127.5815,105.8727
oridb_392,9,189795,-,496.7447,309.6074,150.1964,152.0886
oridb_393,9,197318,+,153.3008,155.2877,74.7367,98.5048
oridb_394,9,203407,-,158.1739,92.3832,280.3121,258.6324
oridb_395,9,214732,+,1077.2488,1530.5905,207.9798,228.7289
oridb_396,9,221055,+,163.1536,249.3952,181.2294,176.8885
oridb_397,9,226151,-,111.0598,219.3153,65.4109,98.7613
oridb_398,9,237984,+,176.7077,123.8217,165.7894,147.0257
oridb_399,9,245880,-,161.3186,361.0495,131.1132,151.1345
oridb_400,9,247752,-,1390.2658,1939.9765,256.4997,237.4235
oridb_401,9,248932,+,502.7315,493.0372,399.8804,399.071
oridb_402,9,280045,-,118.3942,86.1798,91.8902,120.9693
oridb_403,9,307974,+,179.4765,211.6777,254.3033,262.8773
oridb_404,9,310783,-,216.7132,390.8893,142.0585,135.2758
oridb_405,9,313944,+,124.6189,122.5241,211.361,154.5897
oridb_406,9,322321,-,201.8997,220.592,255.8537,312.6245
oridb_407,9,328021,+,159.1362,114.6387,189.3961,150.7658
oridb_408,9,342029,-,487.3425,724.0075,208.743,234.7401
oridb_409,9,357222,+,566.3063,669.3914,464.9886,517.2688
oridb_410,9,363233,+,172.0084,182.9141,191.051,157.5146
oridb_411,9,406421,+,385.6709,487.8812,206.1541,241.2993
oridb_412,9,412001,-,407.1889,1473.6274,170.9299,172.8027
oridb_413,9,432628,+,106.1879,229.4033,23.0978,25.8147
oridb_414,9,439100,+,0,1.4418,293.636,352.5558
oridb_415,10,268,+,0,1.2024,1.9402,2.0528
oridb_416,10,7732,-,0,1.4418,1.4418,1.4418
oridb_417,10,16466,+,0,2.1636,1.8966,2.0462
oridb_418,10,23920,+,0.8457,710.7716,157.6955,195.2278
oridb_419,10,47453,+,107.7521,159.5416,113.9185,117.8342
oridb_420,10,67663,+,352.691,632.0818,196.4611,239.7457
oridb_421,10,99618,-,751.3695,411.9367,129.3839,147.7662
oridb_422,10,113746,-,517.5859,694.426,128.1293,161.7396
oridb_423,10,121994,-,594.6675,494.0375,383.2962,252.0389
oridb_424,10,141272,+,114.6457,98.9731,100.8309,119.5845
oridb_425,10,161739,+,504.7733,472.4029,124.6007,157.4882
oridb_426,10,173971,+,205.2237,236.3866,285.8024,272.6891
oridb_427,10,204540,-,419.3361,779.814,132.4348,145.3372
oridb_428,10,217572,+,123.1233,122.918,175.3021,154.9336
oridb_429,10,228874,-,120.0717,435.7254,76.0862,97.8566
oridb_430,10,248977,-,262.3701,349.3491,94.2349,96.3278
oridb_431,10,268747,+,166.5415,250.082,181.577,186.3645
oridb_432,10,299008,+,327.9135,433.7599,113.1767,115.8167
oridb_433,10,302984,+,160.0843,167.5906,196.4102,183.4906
oridb_435,10,337347,+,1219.026,1031.4606,250.6732,269.8524
oridb_436,10,354474,+,102.9017,187.0435,60.2717,63.5375
oridb_437,10,374934,+,1480.9645,1895.5024,189.1745,232.9312
oridb_438,10,375904,+,160.6939,254.3907,132.9103,125.0742
oridb_439,10,406053,+,190.6523,176.6098,183.3599,165.0387
oridb_440,10,417390,-,269.9777,1071.7064,164.4924,167.8748
oridb_441,10,442724,-,861.0751,626.9733,232.4142,260.2074
oridb_442,10,455398,-,109.4801,247.2487,217.2397,209.1374
oridb_443,10,459750,-,193.5607,376.5642,269.4385,294.4998
oridb_444,10,472101,+,186.8492,241.2497,179.1272,188.1013
oridb_445,10,502435,-,134.7307,180.9157,125.4654,101.8765
oridb_446,10,540601,+,416.9429,1588.0312,211.2318,217.967
oridb_447,10,609330,+,236.5579,351.0715,254.5056,273.0028
oridb_448,10,613069,-,707.1382,810.2153,384.128,311.9291
oridb_449,10,628325,+,182.1608,182.3355,139.7849,148.2584
oridb_450,10,644400,+,126.3368,287.5355,141.3702,149.5844
oridb_451,10,654541,-,247.3565,493.4938,149.2012,174.1811
oridb_452,10,684002,+,636.7579,1275.4074,167.7851,203.1736
oridb_453,10,702852,+,123.7656,175.339,172.9814,156.2878
oridb_454,10,712011,-,136.5873,472.4097,113.6698,126.6145
oridb_455,10,719716,-,162.5116,120.8607,207.9626,206.3451
oridb_456,10,730109,+,0,1.4418,1.4418,1.4418
oridb_457,10,737201,-,0,1.4418,1.4418,1.4418
oridb_458,10,744928,+,0,1.4418,7.4725,15.2065
oridb_459,11,773,-,0,1.4418,79.4718,111.4535
oridb_460,11,8326,-,108.204,195.7537,150.9379,153.5493
oridb_461,11,15880,-,101.0158,220.8479,52.0323,59.1063
oridb_462,11,30735,+,117.1499,213.4996,173.9833,168.6039
oridb_463,11,42266,-,315.4701,144.7232,73.9089,90.1588
oridb_464,11,55868,-,994.6613,1402.8089,205.2143,252.0019
oridb_465,11,89133,+,71.949,114.2752,146.5483,130.8184
oridb_466,11,98389,+,728.5961,712.8095,216.1857,225.0007
oridb_467,11,113837,-,191.7263,289.4499,166.4326,150.562
oridb_468,11,145683,-,167.8562,366.4943,133.4451,164.1859
oridb_469,11,153126,-,193.8219,384.3279,119.67,105.643
oridb_471,11,169028,-,157.4286,140.1908,113.442,103.4864
oridb_472,11,196216,-,188.5683,193.4058,193.6376,181.5339
oridb_473,11,200214,+,117.0898,161.0412,85.3875,105.4968
oridb_474,11,213311,-,737.5591,1150.6563,165.3009,168.3193
oridb_475,11,235996,+,309.6239,311.9936,139.9486,150.2729
oridb_476,11,257577,+,997.3452,1075.9641,283.6782,300.9978
oridb_477,11,302280,+,151.8933,520.5222,118.5341,146.4839
oridb_478,11,314004,-,36.4851,60.9139,83.1967,81.8636
oridb_480,11,329503,-,169.6913,492.8213,147.0451,161.0074
oridb_481,11,333989,-,322.5435,220.4148,303.0431,239.9411
oridb_482,11,344497,+,221.7713,212.2095,167.497,146.9025
oridb_483,11,382175,+,224.0377,219.8656,372.3353,354.9953
oridb_484,11,388667,+,573.8826,535.011,175.1891,203.0493
oridb_485,11,416883,+,284.6387,567.637,132.9013,136.0174
oridb_486,11,444733,+,295.7319,230.2237,264.0869,268.1397
oridb_487,11,447842,-,282.9398,453.8391,199.6319,177.2249
oridb_488,11,457189,-,564.7641,1094.3862,151.7185,166.2463
oridb_489,11,462651,-,273.4099,324.4193,285.069,278.6601
oridb_490,11,468393,-,158.6832,165.5081,102.6949,161.3947
oridb_491,11,500772,-,65.0833,154.0419,93.4592,64.9639
oridb_492,11,516685,+,633.0681,549.2255,148.2154,170.1047
oridb_493,11,520335,+,478.7909,358.6029,270.0091,286.1638
oridb_494,11,530232,-,371.7003,654.8721,164.4955,120.4519
oridb_495,11,561108,-,111.7823,116.8053,73.8277,59.915
oridb_496,11,581538,+,1115.2092,783.3057,264.8184,227.7204
oridb_497,11,584302,-,218.2549,187.2344,183.9038,179.4607
oridb_498,11,612054,-,548.5909,440.5765,112.4342,155.8996
oridb_499,11,617314,+,151.5138,141.5741,164.515,179.5703
oridb_500,11,633773,-,319.9515,421.7961,94.712,118.1914
oridb_501,11,642421,+,1180.4463,1219.8525,201.697,201.5252
oridb_502,11,665577,+,0,1.4418,135.3091,181.1886
oridb_503,12,281,+,0,1.2258,239.0691,227.5073
oridb_504,12,5918,+,317.4841,2270.8451,210.2639,206.5085
oridb_505,12,11102,-,143.1549,1024.2889,168.384,136.9495
oridb_506,12,31704,+,205.6677,479.5342,72.9754,74.5263
oridb_507,12,52125,-,588.2207,1015.2998,166.8671,159.1874
oridb_508,12,70627,-,137.1527,142.4331,112.9532,100.4828
oridb_509,12,76885,+,308.8511,442.4666,100.7133,81.0876
oridb_510,12,91466,+,501.9099,901.2252,170.3749,156.5796
oridb_511,12,93281,+,212.8244,331.5258,201.6946,166.919
oridb_512,12,139703,+,776.4836,844.3445,78.1947,76.8481
oridb_513,12,151321,-,138.029,127.3657,153.3084,156.549
oridb_514,12,156700,+,601.5301,833.263,100.4003,99.1216
oridb_515,12,170385,+,125.4927,122.0175,103.7771,98.5649
oridb_516,12,181693,-,97.5231,80.8959,118.1046,116.0764
oridb_517,12,198347,-,166.7466,319.1734,281.936,304.7599
oridb_518,12,222508,-,101.3118,585.9338,161.1705,202.3896
oridb_519,12,231250,+,486.9843,962.2089,151.1508,150.4569
oridb_520,12,243727,+,157.0556,390.3155,101.3588,86.9817
oridb_521,12,282692,+,188.8076,238.3429,186.3405,205.6667
oridb_522,12,289422,-,821.2523,1362.7271,161.035,136.6934
oridb_523,12,296517,+,113.2885,101.966,118.5112,104.3958
oridb_524,12,317465,+,99.9586,127.3345,70.9367,66.3244
oridb_525,12,343855,+,457.5847,390.9946,154.5952,170.7236
oridb_526,12,373329,-,426.1562,939.3812,112.8401,122.6714
oridb_527,12,384812,+,167.3696,156.0269,176.9332,197.9636
oridb_528,12,412854,-,60.618,407.6279,62.5408,106.2366
oridb_529,12,418982,+,185.3128,220.4707,191.6439,212.6684
oridb_530,12,437556,-,0,1.4418,1.4418,1.4418
oridb_531,12,450506,+,0,1.4418,1.4418,1.4418
oridb_532,12,459092,-,0,1.4418,1.4418,1.4418
oridb_533,12,460724,-,0,1.4418,1.4418,1.4418
oridb_534,12,468229,-,0,1.4418,1.4418,1.4418
oridb_535,12,494800,-,0,1.4418,1.4418,1.4418
oridb_536,12,513086,-,503.8727,804.9642,158.7087,175.8015
oridb_537,12,598898,-,10.7925,38.6664,9.9241,21.6868
oridb_538,12,603112,-,1137.0341,1324.1679,185.8161,187.5578
oridb_539,12,607220,+,222.1109,232.7682,186.7043,190.644
oridb_540,12,620184,+,114.5656,114.8615,180.0597,202.1121
oridb_541,12,622845,+,316.8808,413.6466,104.4799,109.2643
oridb_543,12,645173,-,244.6804,271.1706,205.336,182.5911
oridb_544,12,659894,+,1785.3202,1155.0823,258.4562,326.868
oridb_545,12,687558,+,111.1642,254.7313,69.5405,107.2111
oridb_546,12,720636,+,172.8376,151.1151,185.3569,247.6903
oridb_547,12,730526,+,1670.3964,882.255,253.8735,256.2082
oridb_548,12,745085,-,585.6276,857.0985,960.508,977.867
oridb_549,12,749161,-,70.2568,67.9984,81.6474,99.6658
oridb_550,12,769174,+,72.2458,43.6072,77.5206,106.124
oridb_551,12,786360,-,156.8801,287.4219,102.9639,131.2066
oridb_552,12,794208,-,589.1082,795.6231,185.3234,227.3429
oridb_554,12,822089,+,374.3182,671.8957,141.4627,161.0878
oridb_556,12,858226,-,124.7819,113.4974,132.8284,123.7255
oridb_557,12,872797,+,166.6138,158.1569,139.989,155.1471
oridb_558,12,888741,-,347.7614,474.3954,116.8958,174.2638
oridb_559,12,919488,-,161.1468,150.8301,127.7991,159.6773
oridb_560,12,928287,+,152.1893,480.5138,60.4792,78.7005
oridb_561,12,931042,+,210.3859,202.6483,151.0176,147.9678
oridb_562,12,948039,+,789.7029,535.0612,166.0995,175.6956
oridb_563,12,979874,+,0,1.4418,1.4418,1.4418
oridb_564,12,1007237,+,107.3369,440.2613,105.8522,145.0571
oridb_565,12,1013863,-,778.2198,744.1533,283.4278,276.8385
oridb_566,12,1022405,+,152.3752,179.4617,248.2319,291.8882
oridb_567,12,1024154,-,848.1422,868.3522,135.5023,187.4577
oridb_568,12,1043615,-,86.401,164.3093,130.2984,133.3384
oridb_569,12,1059143,-,147.9146,290.0492,112.1911,137.5498
oridb_570,12,1059720,-,313.9048,638.6625,334.8349,360.4448
oridb_571,12,1064314,+,290.2358,819.9586,250.8045,260.5913
oridb_572,12,1071435,-,15.3008,66.9404,2.6266,3.1716
oridb_573,12,1078098,-,0,0.8604,0.8604,0.8604
oridb_574,13,259,+,0,1.1862,1.412,1.6061
oridb_575,13,6309,-,0,1.4418,1.4418,1.4418
oridb_576,13,8997,+,81.0942,72.7499,40.3197,50.2089
oridb_577,13,23987,+,565.3309,474.9442,424.3763,503.078
oridb_578,13,31766,+,485.6384,682.3045,528.4503,525.292
oridb_579,13,40154,-,420.9276,363.1828,153.0242,144.6683
oridb_580,13,44859,+,220.08,235.3465,217.4882,227.8651
oridb_581,13,50080,-,129.9474,151.694,98.9595,108.8411
oridb_582,13,64160,+,64.0769,56.3469,44.5151,66.1262
oridb_583,13,74035,-,146.7309,192.8454,130.823,100.3575
oridb_584,13,94391,-,332.3337,389.0148,195.9988,229.3123
oridb_585,13,112434,-,167.2252,150.9339,178.334,173.223
oridb_586,13,137321,+,256.2129,498.1095,188.0547,223.4252
oridb_587,13,159046,+,1606.3124,926.4979,290.9224,238.5607
oridb_588,13,183874,-,576.6368,636.8614,121.6504,120.6953
oridb_589,13,203038,-,192.8682,140.7758,155.2365,150.2869
oridb_591,13,263126,+,1192.2121,1194.3393,400.5862,463.1417
oridb_592,13,268936,+,117.0015,249.09,153.8277,142.0768
oridb_594,13,286946,-,1112.7422,2200.4998,120.4387,110.7724
oridb_595,13,290375,-,121.1048,223.7502,192.3349,205.6832
oridb_596,13,310731,-,125.7883,80.5448,136.7273,142.3123
oridb_597,13,339993,-,221.3036,211.2158,176.1455,173.2578
oridb_598,13,341857,+,175.7349,244.2622,139.5714,160.1246
oridb_599,13,371019,+,459.3769,684.9164,112,139.0322
oridb_600,13,372865,+,63.2287,61.3657,38.5938,44.5408
oridb_601,13,395055,-,126.139,177.0807,148.4958,144.8231
oridb_602,13,417710,+,86.8888,141.6917,96.9296,66.507
oridb_603,13,421451,+,88.4615,141.8085,138.0029,160.7446
oridb_604,13,433014,+,717.8029,967.4406,154.8432,163.4777
oridb_605,13,468236,+,303.777,386.1031,106.9172,113.1859
oridb_606,13,477487,+,134.0002,201.6291,149.0127,153.6641
oridb_607,13,480532,-,187.8423,173.2464,148.8137,154.8913
oridb_608,13,490377,-,183.0315,210.3434,164.0799,170.9871
oridb_609,13,503643,-,208.7185,387.0328,64.5839,66.9246
oridb_610,13,535770,-,117.1848,235.7611,69.281,78.1787
oridb_611,13,543126,-,62.6766,114.7901,108.6322,120.5896
oridb_612,13,554614,-,513.3199,627.2935,159.6808,164.0665
oridb_613,13,568446,+,146.0405,153.8528,150.6085,179.8966
oridb_614,13,570116,+,179.7863,134.5673,110.4275,119.3543
oridb_615,13,611317,+,981.0419,851.0192,227.9457,220.692
oridb_616,13,634520,+,1250.6762,818.2398,134.3482,151.4007
oridb_617,13,649361,+,191.3419,635.6669,112.1789,111.3476
oridb_618,13,688902,+,618.8797,591.0256,126.7149,114.2743
oridb_619,13,725719,-,99.2936,86.8271,97.4338,92.9393
oridb_620,13,758417,-,1647.778,1086.3328,221.9625,232.2062
oridb_621,13,759193,-,201.9925,316.3057,392.3984,376.0723
oridb_622,13,772666,+,635.4497,533.2058,153.1748,163.4573
oridb_623,13,789324,-,128.9845,93.1693,139.0416,137.9491
oridb_624,13,805161,+,183.981,377.2921,132.3942,144.8615
oridb_625,13,815390,+,287.2278,645.1753,181.8503,188.4445
oridb_626,13,837520,-,137.4867,415.5273,123.3406,141.5445
oridb_627,13,865455,+,124.6504,202.9104,120.8761,150.3238
oridb_628,13,878719,+,445.1333,515.1165,109.9417,94.6539
oridb_629,13,897976,-,430.4445,903.7775,156.5867,205.1163
oridb_630,13,918120,+,100.744,1.7368,1.4654,1.4727
oridb_631,13,923573,+,0,1.4418,2.6197,2.9437
oridb_632,14,169,+,0,1.0242,1.0242,1.0242
oridb_633,14,7393,-,82.8416,464.5161,54.9969,62.6918
oridb_634,14,14300,-,27.1123,46.7372,10.1772,9.8338
oridb_635,14,28654,-,285.2145,483.3848,198.4602,191.0395
oridb_636,14,33264,+,251.17,236.9982,199.9107,172.4232
oridb_637,14,61858,-,487.2604,509.5143,167.5718,196.1726
oridb_638,14,84396,-,136.2561,155.9637,150.3477,144.9955
oridb_639,14,89757,-,1557.822,1414.6224,253.0542,230.8709
oridb_640,14,94920,-,115.6711,118.2407,124.2851,135.6375
oridb_641,14,96773,+,24.0614,52.0096,22.9925,44.7312
oridb_642,14,116596,-,172.9074,257.4714,238.1208,281.9319
oridb_643,14,126797,-,451.7247,610.4062,91.9227,120.7992
oridb_645,14,157529,-,70.1706,111.4047,113.3705,118.8741
oridb_646,14,169750,-,1160.6061,954.6062,164.2803,198.9038
oridb_647,14,177543,-,57.7499,60.8106,65.7642,64.1658
oridb_648,14,196227,-,1429.6983,889.641,330.4302,342.8818
oridb_650,14,250495,-,355.2927,475.5998,113.6762,149.4664
oridb_651,14,253937,+,251.1731,279.0623,248.508,228.9355
oridb_652,14,279801,+,487.4828,701.1884,132.9275,151.0672
oridb_653,14,322005,+,234.586,531.0293,125.6225,154.9621
oridb_654,14,325125,-,155.6543,141.2527,236.2761,261.5474
oridb_655,14,343588,-,144.6349,216.4302,163.9303,209.4939
oridb_656,14,352774,+,448.179,367.5096,164.8732,189.3381
oridb_658,14,359370,+,64.5948,233.7092,89.2106,73.6509
oridb_659,14,412444,-,675.2417,900.3862,193.6717,185.2498
oridb_660,14,415876,-,114.6535,131.9018,159.5818,158.8529
oridb_661,14,431530,+,141.0059,80.7474,161.2334,119.2119
oridb_662,14,449539,-,1245.7502,1223.9529,146.9886,161.1372
oridb_663,14,457439,+,136.4131,130.7987,112.0397,121.4046
oridb_664,14,499041,+,1168.1564,1230.4171,361.4868,314.1478
oridb_665,14,515724,-,103.3398,149.4735,148.6443,154.5755
oridb_666,14,546151,-,692.8968,538.9581,239.7371,297.5013
oridb_667,14,556234,-,193.6907,148.3193,710.8451,733.8814
oridb_668,14,561332,-,120.0511,399.9396,125.7267,155.5154
oridb_669,14,567826,+,75.764,81.3436,35.9741,48.0257
oridb_670,14,577102,-,258.2722,158.7769,209.8181,197.1956
oridb_671,14,587072,-,200.2297,222.5888,222.4582,230.474
oridb_672,14,609537,+,301.484,564.63,119.6027,87.215
oridb_673,14,616871,+,115.83,89.928,141.4801,162.377
oridb_674,14,635836,-,487.5426,599.4346,184.9242,208.9039
oridb_675,14,651998,-,147.2597,123.713,179.5941,204.383
oridb_676,14,676074,-,150.874,191.5278,174.0694,138.1267
oridb_677,14,691683,-,900.2435,866.964,151.3555,178.7154
oridb_678,14,703895,+,176.0311,288.1884,282.447,306.1161
oridb_679,14,713947,+,605.1061,634.0313,200.4178,201.4898
oridb_680,14,731499,+,141.4954,157.2479,137.421,187.7203
oridb_681,14,734169,+,204.4666,181.7336,205.9755,236.6991
oridb_682,14,738719,+,893.5422,582.206,111.8866,136.7161
oridb_683,14,764358,-,378.6928,649.2242,101.3102,154.7054
oridb_684,14,776299,+,90.0743,1.4418,1.4769,1.4859
oridb_685,14,783313,+,0,1.4418,2.3299,2.3527
oridb_686,15,812,-,0,1.4418,634.7184,709.6772
oridb_687,15,10926,+,227.0999,609.4618,55.5937,99.3777
oridb_688,15,19329,-,321.4832,533.4324,101.5574,150.285
oridb_690,15,35713,+,119.7068,413.8635,112.3694,163.4639
oridb_691,15,44726,-,250.0914,180.4285,154.5118,175.4609
oridb_692,15,72688,+,1003.4436,1177.2879,317.2117,311.6383
oridb_693,15,80463,-,217.9901,208.6396,359.5578,375.7185
oridb_694,15,85361,-,412.0959,512.973,123.8471,167.3586
oridb_695,15,103325,+,166.7822,224.3002,163.2442,183.1402
oridb_696,15,113895,+,653.163,926.7668,166.6492,170.4576
oridb_697,15,129028,+,155.4981,200.5873,149.6515,170.9364
oridb_698,15,155276,-,96.2277,196.2338,128.4636,127.3949
oridb_699,15,159536,-,913.503,563.3634,897.6499,731.3492
oridb_700,15,167003,+,474.6822,915.0646,178.0677,190.5866
oridb_701,15,228014,+,112.7799,294.4118,135.1794,163.4882
oridb_702,15,242824,+,185.7295,191.4287,183.7027,186.9482
oridb_704,15,277734,-,757.4235,1731.9846,346.1171,324.9639
oridb_705,15,309266,-,337.526,584.5851,183.8412,205.0913
oridb_706,15,331929,-,217.7813,229.5836,234.1525,169.4602
oridb_707,15,337485,-,409.1224,552.9757,175.9384,181.0373
oridb_708,15,348370,+,344.2235,933.5325,158.6034,154.329
oridb_709,15,354609,+,154.4548,445.4461,146.5687,114.0581
oridb_710,15,372305,-,177.3906,207.2056,111.5697,97.4922
oridb_711,15,398646,+,223.3411,219.8382,117.1412,147.6503
oridb_712,15,436870,-,73.1715,262.9576,118.5601,127.0364
oridb_713,15,445914,+,486.7173,348.96,302.9282,271.1209
oridb_714,15,458715,-,179.8784,233.7164,179.0888,199.8635
oridb_715,15,464730,+,401.9718,477.1961,201.2717,170.1447
oridb_716,15,489835,+,166.3275,272.9238,105.0811,112.6195
oridb_717,15,495594,+,221.2937,269.3507,254.6192,252.8787
oridb_718,15,497418,-,49.5362,98.4622,64.8397,92.1668
oridb_719,15,515071,+,246.471,246.04,318.0476,310.1932
oridb_720,15,520977,-,201.8592,224.4648,239.0444,217.8913
oridb_721,15,566599,-,272.3136,496.3539,117.2901,140.0349
oridb_722,15,577681,+,91.9876,142.5526,74.8399,85.5436
oridb_723,15,600939,-,519.709,793.1731,78.4493,95.1315
oridb_724,15,605337,+,172.9414,194.4426,182.031,219.1118
oridb_725,15,618285,-,117.4023,192.6236,183.9423,178.5936
oridb_727,15,646939,+,87.602,114.7874,109.525,97.6365
oridb_728,15,656702,+,1852.8271,1166.9767,358.8474,329.624
oridb_729,15,663646,+,234.3325,216.168,144.2375,128.1785
oridb_730,15,670323,-,94.0181,165.6097,135.4592,123.6349
oridb_731,15,681367,-,525.4706,528.3616,224.9776,221.3801
oridb_732,15,708201,+,0,1.4418,1.4418,1.4418
oridb_733,15,729796,+,902.767,808.2102,137.0507,119.8477
oridb_734,15,736293,-,110.2716,144.5185,107.7488,106.9687
oridb_735,15,764388,+,172.5516,155.6047,119.2199,152.1524
oridb_736,15,766690,+,430.8211,611.5735,95.2138,110.1393
oridb_737,15,783387,+,341.153,545.9297,125.8792,98.7799
oridb_738,15,848297,+,153.4557,167.1911,159.9234,201.5439
oridb_739,15,855009,-,327.9709,403.9031,112.1932,134.7883
oridb_740,15,874371,-,179.1959,409.148,95.6185,128.599
oridb_741,15,882756,+,261.1441,287.1926,174.0238,170.9158
oridb_742,15,899703,+,202.9753,225.9951,211.2677,208.8632
oridb_743,15,902450,-,181.4119,163.1544,141.936,138.2322
oridb_744,15,908310,+,505.3341,656.6427,161.7515,158.1979
oridb_745,15,946159,-,127.758,178.2021,143.3083,149.4211
oridb_746,15,981508,+,402.8736,464.9665,112.4294,111.8849
oridb_747,15,998345,-,178.0801,285.597,102.6544,101.8752
oridb_748,15,1012204,-,193.0213,149.7015,164.2249,143.3955
oridb_749,15,1019632,+,117.1939,232.7134,141.828,137.1549
oridb_750,15,1023347,+,202.5841,209.2087,165.8218,103.7483
oridb_751,15,1053696,+,342.9491,837.4662,100.8648,101.8127
oridb_752,15,1059530,-,216.7375,372.438,293.4862,353.1049
oridb_753,15,1071747,-,23.5991,79.6879,7.9092,9.407
oridb_754,15,1083955,+,10.4023,53.4951,4.0476,11.3934
oridb_755,15,1091063,-,0,1.1286,1.8862,2.2472
oridb_756,16,78,+,0,0.8604,0.8604,0.8604
oridb_757,16,7188,-,0.8945,72.3172,3.1161,3.0754
oridb_758,16,13018,-,31.8619,63.661,7.5608,12.2935
oridb_759,16,19123,+,19.0922,12.9053,15.6183,11.2587
oridb_760,16,43163,-,650.366,653.1784,141.0377,171.768
oridb_761,16,62843,-,45.8135,56.3379,198.3551,235.7726
oridb_762,16,73205,-,998.9419,992.5167,301.9117,320.4339
oridb_763,16,90516,-,241.3534,433.0555,137.9007,162.4912
oridb_764,16,116593,+,796.3245,873.0897,118.6777,138.4781
oridb_766,16,162471,+,408.8765,462.2671,113.5399,115.6691
oridb_767,16,179083,-,161.2807,204.8925,160.3275,177.6315
oridb_768,16,191324,-,105.4808,146.7715,93.3731,150.2185
oridb_769,16,195942,-,146.2076,182.4518,163.4654,150.7892
oridb_770,16,210821,-,433.2045,675.6345,116.1647,113.1384
oridb_771,16,215702,-,121.9639,243.1602,136.6215,147.8458
oridb_772,16,220632,+,85.6208,101.229,80.7791,77.6886
oridb_773,16,241546,+,188.282,300.6161,157.3103,169.2028
oridb_774,16,250646,-,62.3202,162.2161,76.9833,105.5463
oridb_775,16,261552,-,365.2046,620.3312,112.9172,99.1813
oridb_776,16,265718,+,177.8958,98.4683,148.1329,182.8588
oridb_777,16,274462,-,141.6346,193.3395,177.7181,195.6625
oridb_778,16,289530,+,361.3985,676.922,232.6109,269.9211
oridb_779,16,298478,+,220.6044,377.7154,108.4564,166.1415
oridb_780,16,304074,+,279.649,219.6679,198.1969,217.5181
oridb_781,16,317568,-,352.4372,615.2874,123.112,130.5245
oridb_782,16,327965,-,135.8809,162.9629,130.1901,140.3975
oridb_783,16,331784,+,142.8442,196.0253,136.2771,136.3284
oridb_784,16,355618,+,185.3307,167.0817,199.5167,221.8335
oridb_785,16,369445,-,213.4902,197.5192,203.0572,140.9111
oridb_786,16,377162,+,165.43,143.8593,110.9488,110.1446
oridb_787,16,384594,+,448.0948,936.2988,100.564,119.9481
oridb_788,16,415466,+,141.5858,239.1656,147.2861,172.4169
oridb_789,16,418180,+,289.4249,527.2957,182.8977,205.756
oridb_790,16,422977,+,123.1888,107.243,126.3876,122.2567
oridb_791,16,427947,-,178.3102,309.2358,157.7292,138.3652
oridb_792,16,441207,+,0,1.4418,1.4418,1.4418
oridb_793,16,454097,+,337.4663,274.7563,288.676,250.7589
oridb_794,16,456761,-,258.3127,380.2148,92.2071,138.3992
oridb_795,16,478378,+,158.1961,113.0295,115.1891,116.9584
oridb_796,16,488893,+,92.1047,66.5474,74.6705,144.5931
oridb_797,16,499366,+,302.1012,346.9887,207.825,236.7316
oridb_798,16,511706,+,275.2747,471.1471,117.8004,113.8738
oridb_799,16,553410,-,385.5343,482.3378,216.9741,197.0639
oridb_800,16,558028,+,115.3666,139.9599,175.9224,191.529
oridb_801,16,563879,+,990.7138,697.66,234.96,251.4019
oridb_802,16,565117,+,236.875,334.1064,225.4486,189.6516
oridb_803,16,568959,+,156.0059,209.368,202.552,174.516
oridb_804,16,584414,-,518.8105,593.7939,216.9269,217.7675
oridb_805,16,588949,-,199.7759,238.4385,207.6377,197.387
oridb_806,16,600301,-,32.4365,70.3278,53.3043,68.1889
oridb_807,16,608621,-,166.6957,188.8682,234.8431,231.7115
oridb_808,16,620267,-,107.5723,114.8474,94.8107,67.2644
oridb_809,16,633923,+,204.4005,396.2394,101.8823,119.4753
oridb_810,16,654881,-,217.9048,182.9422,173.1638,220.8622
oridb_811,16,684407,+,315.3249,479.7994,163.128,139.3896
oridb_812,16,689426,-,192.8818,204.2467,186.7618,183.0273
oridb_813,16,695467,+,1761.758,1506.4964,260.085,247.7533
oridb_815,16,728919,+,190.3391,200.6108,97.3068,93.4696
oridb_816,16,749119,+,358.1619,551.1503,277.0699,281.5565
oridb_817,16,777097,-,604.6718,632.0942,149.3966,153.0648
oridb_818,16,819342,-,410.9642,691.4197,80.5477,86.1506
oridb_819,16,824999,+,170.4669,217.9917,211.1215,205.8835
oridb_820,16,842757,-,528.6552,856.1746,101.679,154.3545
oridb_821,16,850167,-,29.207,44.0599,67.7967,78.8049
oridb_822,16,864374,-,269.4649,248.0084,205.7661,193.8508
oridb_823,16,866056,+,120.1959,159.8549,169.4528,157.3149
oridb_824,16,880907,+,238.039,571.934,123.3888,193.9761
oridb_825,16,909825,+,55.4036,52.7227,52.4759,57.8952
oridb_826,16,930165,-,334.4826,278.8773,192.8723,169.6956
oridb_827,16,933167,-,239.724,740.0765,76.0035,93.4145
oridb_828,16,942427,+,261.6287,656.8322,134.4144,130.9366
oridb_829,16,947899,-,0,1.0152,1.0891,1.114
