name,chr,pos,strand,orc_chip_seq_dm265,orc_chip_seq_dm287,input_chip_seq_dm271_orc,input_chip_seq_dm272_orc
oridb_1,1,766,-,0,1.4418,483.3017,499.1536
oridb_2,1,6751,-,206.255,372.5499,178.1077,170.5035
oridb_3,1,8222,-,294.6763,346.0098,234.6543,235.0851
oridb_4,1,10208,-,218.279,234.5124,210.2714,246.3202
oridb_5,1,17150,+,156.263,545.5282,220.5791,225.2724
oridb_6,1,31002,+,566.9749,616.4959,230.3868,234.8583
oridb_7,1,42044,+,1503.146,788.554,355.2334,406.7728
oridb_8,1,70433,-,1064.1857,995.7026,318.593,346.1463
oridb_9,1,100009,+,303.9704,313.6445,329.9531,344.1998
oridb_10,1,124528,-,1402.95,1508.6335,723.1419,855.1935
oridb_11,1,137563,+,295.1368,305.6573,298.2151,291.0355
oridb_12,1,147580,-,400.9636,415.3878,314.6006,273.4788
oridb_13,1,159952,+,894.2065,793.7334,396.7126,351.0568
oridb_14,1,167466,+,300.9965,295.6216,326.7545,404.4055
oridb_15,1,176232,+,306.4151,364.2699,276.0882,277.9675
oridb_16,1,197548,-,273.6726,216.9034,129.8261,126.0733
oridb_17,1,208247,+,126.6995,6.6016,25.7454,20.988
oridb_18,1,215028,-,0,1.4418,1.4418,1.4418
oridb_19,1,223153,+,18.1703,21.2535,22.6929,15.0534
oridb_20,1,226899,-,0,1.4418,15.2865,14.3027
oridb_21,1,229750,+,0,1.4418,26.1955,28.5733
oridb_22,2,78,+,0,0.8604,90.2762,110.9809
oridb_23,2,6573,-,1873.9972,1398.7938,248.851,290.3641
oridb_24,2,28990,+,383.8579,382.6368,295.6389,360.885
oridb_25,2,38833,+,291.7174,321.5235,188.9007,188.8161
oridb_26,2,63374,-,4904.1826,3237.5609,314.193,312.1482
oridb_27,2,71759,+,292.5104,287.1157,302.3289,284.5163
oridb_28,2,80251,+,222.6228,295.01,215.5718,247.2897
oridb_29,2,93540,+,546.3304,557.7719,247.4189,262.6229
oridb_30,2,97425,-,243.8113,250.2467,286.2742,256.647
oridb_31,2,100314,-,355.2394,248.556,378.1527,390.0488
oridb_32,2,135518,+,304.6568,276.3348,324.1239,310.5982
oridb_33,2,143749,-,1212.0905,1035.8746,221.4698,237.8053
oridb_34,2,170264,-,1589.5153,2111.2232,303.8307,343.4727
oridb_35,2,177814,+,285.6501,289.089,297.5162,310.7064
oridb_37,2,198426,-,694.5344,1144.1101,246.9625,249.4476
oridb_38,2,209627,-,263.9108,312.3313,392.7629,313.5893
oridb_39,2,227897,+,247.2369,288.5468,248.3063,229.4824
oridb_40,2,237876,-,1137.9262,1448.5715,270.8527,308.9281
oridb_41,2,246606,+,331.2135,449.2315,354.4907,337.3739
oridb_42,2,255088,-,1276.5808,1315.516,289.086,325.8901
oridb_43,2,259006,-,256.4525,131.0053,51.3589,50.1447
oridb_44,2,265329,-,91.3229,1.4418,5.7451,3.8961
oridb_45,2,279220,+,250.3424,277.7596,294.3315,294.3099
oridb_46,2,283629,+,300.6318,247.1172,377.3279,378.9554
oridb_48,2,296115,+,227.4056,274.546,250.3534,243.8204
oridb_49,2,308952,-,349.8471,329.3223,278.3148,269.2136
oridb_50,2,326192,+,433.3298,299.5442,301.9622,283.5106
oridb_51,2,343019,+,254.4558,312.4677,254.3819,232.6754
oridb_52,2,373713,-,693.1848,386.3921,401.3764,398.8227
oridb_53,2,379103,+,372.5264,260.666,331.0802,387.3646
oridb_54,2,390188,+,245.5902,282.5952,220.2082,222.2693
oridb_55,2,408042,-,882.1187,908.0607,937.0382,862.8739
oridb_56,2,417838,+,509.1779,464.0946,222.8486,219.2294
oridb_57,2,441022,-,226.4632,235.6258,246.2968,269.1977
oridb_58,2,479085,+,470.2114,404.5846,159.8842,181.7873
oridb_59,2,486898,-,2484.7391,2200.2998,286.8373,283.9406
oridb_60,2,499338,-,209.5957,228.7735,187.1968,192.3416
oridb_61,2,504504,-,463.3708,391.6081,448.8612,402.7133
oridb_62,2,517302,-,373.8225,324.4964,271.1953,252.8553
oridb_63,2,539417,-,326.278,276.247,277.9708,289.6799
oridb_64,2,551790,+,351.4083,181.8153,764.6195,722.3971
oridb_65,2,583461,+,257.9815,282.4189,276.549,278.1958
oridb_66,2,591458,+,2952.5878,1851.3839,242.1131,239.4034
oridb_67,2,612129,-,499.5738,501.7755,305.2895,331.9318
oridb_68,2,622804,-,887.1353,2023.9327,245.9235,223.7688
oridb_69,2,627729,+,320.0508,315.5528,281.4667,268.2288
oridb_70,2,632045,+,230.4148,364.6154,189.9445,185.5454
oridb_71,2,676286,+,250.9799,250.2251,226.6131,251.3744
oridb_72,2,691999,-,206.7186,208.8756,220.8721,232.8975
oridb_73,2,704338,+,524.4661,486.8136,261.3927,284.9763
oridb_74,2,707518,-,279.8728,251.7219,264.0616,281.0118
oridb_75,2,720667,+,230.7893,266.9536,239.0078,216.9753
oridb_76,2,727378,+,262.8809,296.7217,281.6038,321.5111
oridb_77,2,741782,-,2764.2196,1777.178,386.3541,369.6437
oridb_78,2,757484,+,350.424,339.1364,241.2452,256.5609
oridb_79,2,761020,+,335.7673,311.3236,280.5166,312.5309
oridb_80,2,774037,-,242.1525,263.805,246.8207,263.1342
oridb_81,2,792096,-,702.4137,926.1875,199.5833,211.085
oridb_82,2,796569,+,275.1834,323.7416,244.3093,241.2151
oridb_83,2,802597,-,323.4054,294.1971,202.2161,200.3762
oridb_84,2,812408,+,0,1.4418,1.4418,1.4418
oridb_85,3,1063,-,0,1.4418,193.4717,213.6593
oridb_86,3,4972,-,21.908,54.8501,74.662,68.5693
oridb_87,3,11254,+,2884.1243,2217.9579,105.1957,105.8301
oridb_88,3,12312,+,31.5571,81.7282,31.4491,28.9901
oridb_89,3,14698,+,4002.5169,2514.5916,239.0626,263.9374
oridb_90,3,15199,-,1017.0662,1607.3938,259.9388,267.6412
oridb_91,3,15295,+,817.6592,1447.9945,254.8637,268.0484
oridb_92,3,30453,-,510.4269,396.0449,264.2965,275.0984
oridb_93,3,39592,-,3236.0185,3234.3467,369.0107,342.7639
oridb_94,3,54938,-,329.6186,265.6713,259.2122,285.8815
oridb_95,3,74518,+,441.8387,479.7075,374.9691,445.5836
oridb_96,3,82551,-,360.9066,306.0111,151.1152,165.4328
oridb_97,3,108973,-,403.8084,366.3345,315.5354,304.767
oridb_98,3,114471,-,534.9366,595.6394,252.1901,261.4301
oridb_99,3,132041,+,619.7644,1206.8264,363.6396,362.3766
oridb_101,3,141733,-,323.7011,243.0371,299.9774,282.0875
oridb_102,3,162417,+,515.8378,367.3467,283.4756,266.3761
oridb_103,3,166709,-,460.1127,453.8752,267.4539,307.0939
oridb_104,3,192870,+,239.9597,296.2305,267.2674,267.4605
oridb_105,3,194306,+,709.645,909.7174,362.0019,407.7616
oridb_106,3,197556,-,1393.7462,913.1531,356.217,348.79
oridb_107,3,200088,+,0,1.4418,1.4418,1.4418
oridb_108,3,205745,-,211.6634,274.4159,186.1684,207.665
oridb_109,3,223280,+,368.8458,391.258,632.7565,535.9708
oridb_110,3,224857,+,579.6899,531.8894,400.1081,440.967
oridb_111,3,262721,+,380.3846,324.3662,293.5958,277.5478
oridb_112,3,273028,-,366.0148,348.1781,213.224,210.6654
oridb_113,3,292684,-,3291.4613,3219.1433,159.6005,187.1647
oridb_114,3,294818,+,1875.4657,1570.1745,178.5548,181.5817
oridb_115,3,310937,-,200.9782,329.3513,201.2761,221.0289
oridb_116,3,315815,+,0,1.4418,125.2355,136.2156
oridb_117,4,869,-,0,1.4418,3.3924,2.7371
oridb_118,4,8590,+,0,1.4418,1.4418,1.4418
oridb_119,4,15682,-,0,1.4418,1.4418,1.4418
oridb_120,4,21762,-,266.5843,325.9626,292.4599,306.4425
oridb_121,4,46230,-,1364.409,1491.0302,268.5165,280.4296
oridb_122,4,50458,+,278.97,370.7371,265.3974,257.9688
oridb_123,4,86125,-,1014.9699,641.0313,287.6825,316.691
oridb_124,4,95925,+,255.6571,303.3032,258.6113,266.3992
oridb_125,4,101258,-,255.6475,232.3289,244.7388,271.3118
oridb_126,4,123795,-,355.7709,437.1254,250.9126,253.1376
oridb_127,4,137679,-,283.5931,266.0151,219.5883,229.2467
oridb_128,4,157976,-,276.6227,313.4928,279.5013,262.2504
oridb_129,4,170260,-,216.7284,287.0804,230.9407,245.0072
oridb_130,4,212594,-,2658.1024,2093.4466,272.7312,338.1308
oridb_131,4,226819,-,272.4407,311.848,485.7352,381.7647
oridb_132,4,232595,-,397.7926,300.2055,303.196,290.645
oridb_133,4,236067,-,381.8465,359.7805,276.2306,267.9901
oridb_134,4,253840,+,1074.7199,705.8242,274.3159,263.7165
oridb_135,4,256529,+,258.6306,277.2906,226.4933,238.8108
oridb_136,4,316863,+,560.7493,411.4299,385.4072,388.8112
oridb_137,4,329672,+,1007.0553,1355.7105,258.9817,262.3769
oridb_138,4,351158,-,252.2262,255.5993,281.1292,293.3385
oridb_139,4,358549,-,358.089,285.1466,342.2511,358.5562
oridb_141,4,408132,+,421.9543,295.5296,425.3755,375.6975
oridb_142,4,435162,+,567.2696,979.4694,269.1022,268.5513
oridb_143,4,443401,-,336.6501,321.4681,389.3315,325.7756
oridb_144,4,462607,-,3522.2415,3784.3855,4243.8662,4318.5216
oridb_145,4,476641,-,251.6999,288.7176,235.6987,233.4666
oridb_146,4,484038,-,1116.7553,1141.497,376.9201,367.2554
oridb_147,4,505521,-,705.8355,842.1339,293.4534,326.9942
oridb_148,4,555401,-,1849.2234,1830.7513,312.4583,341.275
oridb_149,4,567584,+,344.623,431.3363,290.1098,260.537
oridb_150,4,607611,+,241.0939,258.4471,267.3129,256.1477
oridb_151,4,629330,-,484.4917,1061.4597,223.8065,241.6184
oridb_152,4,640067,-,483.7108,539.3241,223.181,208.4115
oridb_153,4,642270,+,267.0483,271.6065,260.5887,250.7598
oridb_155,4,702929,+,4797.7269,2837.4271,298.6204,285.4102
oridb_156,4,720859,-,642.5016,567.4076,318.4718,280.9962
oridb_157,4,733750,-,262.6497,259.0631,263.5574,240.8406
oridb_158,4,748442,+,269.0092,273.6344,216.4286,199.1006
oridb_159,4,753338,-,2795.0017,2427.8554,211.6737,213.2207
oridb_160,4,764067,+,318.9559,373.5837,295.7821,293.4997
oridb_161,4,778801,+,160.2809,244.4056,206.7894,221.6651
oridb_162,4,791890,+,231.1575,256.683,201.5155,206.6531
oridb_163,4,806104,+,1061.2661,1038.7648,416.4712,395.0575
oridb_164,4,818621,+,208.6573,266.5153,231.9345,235.1036
oridb_165,4,832734,-,257.9338,317.0838,256.1255,280.8484
oridb_166,4,845292,+,204.7499,254.3578,251.3302,262.114
oridb_167,4,859181,+,258.1033,284.9,338.2452,356.3695
oridb_168,4,878206,-,125.6163,281.5445,118.3446,134.4509
oridb_169,4,898472,-,222.5381,240.7311,211.9475,221.0234
oridb_170,4,904208,+,208.9241,249.7669,234.0399,242.3393
oridb_171,4,913862,+,1642.9775,1326.8348,283.6846,257.1114
oridb_172,4,921742,+,566.3309,683.4325,243.2408,232.0464
oridb_173,4,943853,+,252.6621,289.8445,233.3219,257.5271
oridb_174,4,954077,+,284.3568,268.0472,316.1054,372.4412
oridb_175,4,980190,+,218.0896,382.8851,261.8972,245.9592
oridb_176,4,994152,+,272.0464,289.2512,222.5015,239.3377
oridb_177,4,1016852,-,597.8486,613.7271,273.6746,314.4431
oridb_178,4,1021685,-,344.9455,314.2999,301.1799,319.8789
oridb_179,4,1033283,-,234.9212,230.3146,222.1367,232.6502
oridb_180,4,1057893,+,704.5641,908.748,210.5751,217.3404
oridb_181,4,1110140,-,250.8957,328.5952,174.4966,180.1851
oridb_182,4,1130882,+,247.0995,208.0643,248.2141,271.4392
oridb_183,4,1132701,-,211.5077,230.3362,226.6717,250.3487
oridb_184,4,1159467,-,401.3885,280.4604,176.7374,194.6812
oridb_185,4,1166177,-,792.1029,636.7027,379.8738,395.9335
oridb_186,4,1202184,-,422.583,450.5432,273.8571,272.7263
oridb_187,4,1240924,+,812.8162,906.1163,276.9771,292.2092
oridb_189,4,1276282,+,822.5253,1070.0439,259.4072,274.5144
oridb_190,4,1302761,-,765.5286,996.755,252.4526,274.3773
oridb_191,4,1305708,+,457.0417,305.9175,252.5655,272.6013
oridb_193,4,1353578,+,923.8782,689.9161,284.6406,284.2497
oridb_194,4,1355616,-,507.8385,349.5228,894.8367,921.8306
oridb_195,4,1379744,-,219.7833,374.5967,230.5244,244.7999
oridb_196,4,1385386,-,439.5467,397.8929,295.5203,343.5193
oridb_197,4,1404327,+,769.961,694.1429,284.6342,302.2812
oridb_199,4,1447476,+,5327.6721,3149.9825,290.5718,306.9302
oridb_200,4,1454461,+,280.6967,496.2237,352.3767,328.529
oridb_201,4,1462052,+,3046.5608,3891.0226,274.3121,278.0994
oridb_202,4,1469789,-,348.4658,336.6806,339.7775,351.5397
oridb_203,4,1470484,-,322.1138,325.2895,328.3291,344.2101
oridb_204,4,1487097,-,385.8015,392.6544,245.0431,241.9926
oridb_205,4,1496005,-,310.8209,268.6454,218.4372,231.4827
oridb_206,4,1502793,-,2393.0227,1373.4478,217.3689,241.6369
oridb_207,4,1505529,-,228.6595,254.8864,205.0707,240.2399
oridb_208,4,1524646,+,1859.7937,2375.092,218.5408,221.6348
oridb_209,4,1531721,+,0,1.0782,1.0782,1.0782
oridb_210,5,62,+,0,0.8316,61.1704,60.0869
oridb_213,5,9476,-,267.8149,269.1493,287.5996,296.3714
oridb_214,5,11950,-,338.7044,452.2617,274.0668,275.4756
oridb_215,5,18453,+,337.4427,274.0471,351.8033,332.7178
oridb_216,5,59470,-,639.1478,523.7135,290.3712,264.6728
oridb_218,5,94055,+,956.0429,1146.3387,298.4485,310.0498
oridb_219,5,110169,-,240.4403,307.5327,254.8354,271.7045
oridb_220,5,145714,-,1016.3506,1041.0912,274.2906,297.1545
oridb_221,5,164504,-,298.5987,348.9962,267.3777,280.7452
oridb_222,5,173808,-,713.442,956.0031,323.4871,305.3918
oridb_223,5,184224,+,302.0382,316.4202,378.2594,322.1361
oridb_224,5,192693,+,447.1153,376.5991,933.1562,850.7793
oridb_225,5,212454,+,632.0045,723.5428,726.2571,777.2462
oridb_226,5,256282,-,346.4362,292.0842,241.8345,238.323
oridb_227,5,276362,+,342.7619,396.159,344.5175,300.4718
oridb_228,5,278177,-,315.9516,647.7826,240.0243,263.985
oridb_229,5,287565,+,7695.644,4107.8381,2601.2887,2845.7615
oridb_230,5,301748,+,474.2525,541.3037,294.7581,338.7485
oridb_231,5,316627,-,411.5213,380.5226,284.9636,313.7117
oridb_232,5,353582,+,1541.9587,1107.9899,306.4224,304.0162
oridb_233,5,406903,-,667.3079,510.8812,210.4425,196.048
oridb_234,5,418458,-,234.3113,202.853,235.8158,233.0116
oridb_235,5,430572,-,241.9503,294.5583,284.7557,306.3221
oridb_236,5,439102,-,850.5778,400.8748,320.7162,341.0137
oridb_237,5,442500,+,1298.0233,1538.4701,1013.8585,724.4572
oridb_238,5,480553,-,332.3013,213.6194,303.931,287.4583
oridb_239,5,498884,+,2330.6782,1575.8064,1234.506,1351.6396
oridb_240,5,506836,+,280.3053,247.5537,265.4942,301.9883
oridb_241,5,520869,+,240.1555,306.9614,213.4025,229.2625
oridb_242,5,549682,-,422.5482,443.3848,257.7522,260.3745
oridb_243,5,561305,+,280.5799,297.8963,245.3222,224.0954
oridb_244,5,569629,+,1756.1409,1711.9161,544.6149,582.9784
oridb_245,5,576722,-,0,0.9864,0.9864,0.9864
oridb_247,6,5495,-,1825.6108,1414.9317,772.1905,792.6812
oridb_248,6,12396,-,70.9906,132.2948,95.1453,101.4551
oridb_249,6,19133,-,253.7948,273.0967,234.3454,210.5563
oridb_250,6,20801,+,466.8746,636.2811,269.4416,265.2972
oridb_251,6,32713,+,1008.3203,1089.2957,249.8171,270.5026
oridb_252,6,32973,-,1038.151,1031.0593,259.102,286.0639
oridb_253,6,54392,-,488.1159,577.5992,425.0659,356.886
oridb_254,6,62867,+,296.9792,270.5623,307.1193,271.4707
oridb_255,6,68856,-,336.1192,307.9823,209.6988,211.4394
oridb_256,6,98983,-,236.6756,251.3424,226.0278,224.8632
oridb_257,6,104623,+,304.7135,349.2543,309.2077,280.1289
oridb_258,6,118652,+,574.1685,612.4744,290.1659,339.4554
oridb_259,6,127861,+,436.91,515.0744,298.1058,344.5672
oridb_260,6,136045,-,1481.4615,1475.3074,294.0807,316.8769
oridb_261,6,167732,-,688.8948,568.2685,203.1095,237.8246
oridb_262,6,199401,+,2368.6406,2921.2819,285.9407,280.5775
oridb_263,6,216469,+,437.8766,431.3658,273.6195,247.8571
oridb_264,6,242828,-,263.6106,295.6672,316.979,325.7769
oridb_265,6,253461,-,382.0568,428.0063,255.944,283.7405
oridb_266,6,256375,-,3259.4167,1428.3679,332.8015,364.7742
oridb_267,6,268534,+,0,1.4418,220.9483,207.1627
oridb_268,6,269754,+,0,1.431,304.1432,289.5724
oridb_269,7,746,-,0,1.4418,11.217,10.1186
oridb_270,7,7948,-,114.3648,61.6786,46.4719,42.6536
oridb_271,7,17922,-,1683.3151,1049.1294,186.6855,180.1461
oridb_272,7,28949,+,291.0674,278.8303,281.5448,245.0103
oridb_273,7,34416,-,252.6699,275.7202,223.7257,244.3929
oridb_274,7,64459,-,818.4883,991.0031,412.3895,452.2494
oridb_275,7,69399,+,326.9303,257.9568,273.7048,287.34
oridb_276,7,112128,+,834.3515,535.9759,253.6801,266.3323
oridb_277,7,114900,-,342.8896,348.2928,305.4779,310.4722
oridb_278,7,117681,+,339.5658,249.6043,232.7081,243.2406
oridb_279,7,163241,+,894.3386,1071.4583,309.5531,374.5701
oridb_280,7,167275,-,253.1565,270.045,265.2655,278.0604
oridb_281,7,171138,+,223.1772,258.7434,191.3507,194.8398
oridb_282,7,187391,+,334.7586,262.3472,229.8454,256.1906
oridb_283,7,203977,+,223.3419,309.8723,210.9927,224.063
oridb_284,7,231934,+,225.8785,279.7686,197.4822,222.8615
oridb_285,7,241185,+,287.102,376.4449,246.8052,280.0234
oridb_286,7,267715,-,256.703,276.6258,253.1712,280.263
oridb_287,7,269838,+,278.2119,296.8573,380.5157,350.1528
oridb_288,7,275218,+,265.7871,232.9467,282.9465,285.0531
oridb_289,7,286009,+,1064.6686,779.0146,269.8929,291.9312
oridb_290,7,288018,-,311.8774,306.8314,297.5459,274.4568
oridb_291,7,319025,+,267.0101,353.7682,231.9864,227.122
oridb_292,7,344303,-,247.962,296.6348,260.8347,273.7417
oridb_293,7,352867,-,613.7213,435.2503,320.3298,327.3709
oridb_294,7,388850,-,322.2781,349.3596,286.2325,292.6253
oridb_295,7,421286,-,2390.134,2136.2066,2064.4505,2146.4859
oridb_296,7,457145,-,332.0738,280.551,314.1631,313.1819
oridb_298,7,485116,-,2357.7579,3016.8073,300.6149,308.8584
oridb_299,7,508912,-,1168.9006,1704.778,612.2618,676.9276
oridb_300,7,535383,-,295.0485,331.282,169.8545,213.6883
oridb_301,7,552182,+,307.3856,258.3917,403.9003,361.3719
oridb_302,7,568665,-,232.2249,390.4614,150.8673,171.7236
oridb_303,7,574704,+,796.5175,1096.7393,332.8163,305.5103
oridb_304,7,575725,-,533.5787,437.7365,1080.7344,990.6438
oridb_305,7,582552,-,248.0814,276.1024,215.7844,227.4238
oridb_306,7,591937,+,397.5041,564.2347,409.037,457.282
oridb_307,7,607533,-,239.5943,244.5021,270.9409,258.2495
oridb_308,7,621888,+,241.1153,265.3749,249.9832,277.9156
oridb_309,7,627718,-,242.0013,263.0928,240.2037,240.3035
oridb_310,7,653853,-,342.6451,369.5787,428.1605,382.3442
oridb_311,7,660005,-,1262.002,2139.7985,311.4222,333.2615
oridb_312,7,715318,+,1722.7996,391.509,198.5857,210.3768
oridb_313,7,735715,-,182.9753,153.5807,98.1024,109.8149
oridb_314,7,765627,+,250.7808,288.7507,302.3658,368.1678
oridb_315,7,778018,+,575.392,427.0975,257.238,275.572
oridb_316,7,795725,+,220.0726,256.6872,269.3835,274.1664
oridb_317,7,801922,+,359.1552,372.8373,337.3792,332.9962
oridb_318,7,834670,-,611.3792,621.3917,295.6454,303.886
oridb_319,7,847261,-,470.3895,933.6919,417.9275,374.7973
oridb_320,7,855163,+,268.9279,266.2754,276.7327,269.8278
oridb_322,7,888417,+,773.0523,944.9251,205.7217,237.8528
oridb_323,7,916913,+,355.0496,274.0456,255.245,256.2997
oridb_324,7,970601,-,406.6494,370.5866,323.7128,297.0263
oridb_325,7,977912,-,344.8122,474.2997,266.8259,277.6819
oridb_326,7,999506,+,1164.4817,822.0164,188.7206,232.2371
oridb_327,7,1002291,+,337.9313,324.1828,269.752,350.4764
oridb_328,7,1004616,-,362.948,302.0629,270.7274,261.1563
oridb_329,7,1039505,-,214.588,233.5083,185.9848,196.3894
oridb_330,7,1063507,+,434.4304,468.0518,228.7472,230.047
oridb_331,7,1073878,-,184.7239,295.3358,233.9927,223.6027
oridb_332,7,1083677,+,2518.2229,2841.4205,732.0804,948.1686
oridb_333,7,1090800,-,0,0.9864,0.9864,0.9864
oridb_334,8,243,+,0,1.1574,80.8511,86.9663
oridb_335,8,5469,-,1099.9338,880.5772,310.809,366.4606
oridb_336,8,7755,-,1223.4349,1852.5663,196.1569,229.3184
oridb_337,8,10615,+,329.1247,277.2993,270.4065,253.299
oridb_338,8,45794,-,727.7429,891.5236,300.207,306.3734
oridb_339,8,59061,+,260.0336,302.4489,259.1151,348.5637
oridb_340,8,64300,+,550.3635,886.2283,255.5737,270.5986
oridb_341,8,78786,-,229.6788,255.9889,207.7385,206.9658
oridb_342,8,89202,-,6.6949,1.4418,1.4418,1.4418
oridb_343,8,94960,+,397.9702,152.987,244.529,208.5036
oridb_344,8,111453,-,335.8995,317.2139,318.3394,260.604
oridb_345,8,116416,-,963.8011,797.3857,228.0337,276.279
oridb_346,8,133532,-,2347.9887,2257.4983,219.4335,271.0726
oridb_347,8,135411,-,257.6342,276.0608,215.5764,222.4855
oridb_348,8,140635,-,472.2278,350.2484,322.8582,339.9584
oridb_349,8,168598,+,571.4253,1009.2907,284.309,292.9744
oridb_350,8,192701,-,346.7893,435.5134,348.1265,294.0537
oridb_351,8,197818,+,308.8146,262.2705,290.732,282.6942
oridb_352,8,213554,+,0,1.4418,1.4418,1.4418
oridb_353,8,215552,+,0,1.4418,1.4418,1.4418
oridb_354,8,219379,+,321.5795,375.511,428.8593,462.3103
oridb_355,8,245790,+,1814.3744,1524.0884,277.0227,313.1157
oridb_356,8,262093,+,213.5089,266.0269,230.7151,232.0503
oridb_357,8,280149,+,280.3651,332.0734,271.9326,268.5468
oridb_358,8,287001,-,209.4042,271.914,262.7425,256.0317
oridb_359,8,297087,+,1966.6858,1402.9929,547.3022,433.1098
oridb_360,8,344447,-,272.7738,299.8526,237.3835,241.699
oridb_361,8,359715,-,425.476,521.6571,298.2026,326.1694
oridb_362,8,365285,+,290.7542,244.3848,376.657,416.6015
oridb_363,8,380993,+,295.9815,344.2261,291.1953,305.9359
oridb_364,8,392251,-,487.6507,664.6751,198.4276,213.0823
oridb_365,8,406244,-,191.2964,319.4474,217.9727,238.0418
oridb_366,8,447795,-,801.5213,1440.3805,267.2696,297.9361
oridb_367,8,452705,+,1192.7745,1502.3256,638.4762,669.3669
oridb_368,8,474575,-,285.6966,318.261,323.8086,409.681
oridb_369,8,501950,-,437.2472,534.1211,266.659,270.9862
oridb_371,8,520397,-,303.7408,368.7163,235.9861,240.8128
oridb_372,8,535639,-,0,1.4418,1.4418,1.4418
oridb_373,8,550650,-,16.926,25.025,12.3128,13.5465
oridb_374,8,553550,-,266.8072,518.0976,488.2427,515.8503
oridb_375,8,556140,+,1482.0915,1791.8629,318.6313,310.4571
oridb_376,8,562249,-,0,1.431,223.4402,227.1881
oridb_377,9,285,+,0,1.233,15.3048,12.9393
oridb_378,9,7749,-,0,1.4418,1.4418,1.4418
oridb_379,9,10853,+,0,1.4418,1.4418,1.4418
oridb_380,9,16483,+,2.6247,23.2819,8.5085,8.2646
oridb_381,9,30633,+,247.4354,286.5547,239.8303,242.44
oridb_382,9,33484,-,986.7969,776.7214,291.3949,311.0559
oridb_383,9,51502,-,201.4684,291.8427,232.8328,213.8564
oridb_384,9,73969,-,583.0556,506.5295,214.4885,236.4169
oridb_385,9,80156,-,329.564,312.7973,179.3074,204.3482
oridb_386,9,105967,-,334.1302,517.3618,213.1999,209.1253
oridb_387,9,113656,+,291.2061,303.0627,356.5154,344.2411
oridb_388,9,136288,-,564.9348,618.8486,214.9754,221.361
oridb_389,9,163132,-,223.9226,280.0918,207.6105,193.1059
oridb_390,9,175170,+,1477.7513,1375.9662,627.7349,681.7244
oridb_391,9,183249,+,482.7159,340.6874,253.0661,236.0717
oridb_392,9,189795,-,372.9015,372.1354,271.6045,274.8341
oridb_393,9,197318,+,450.1672,466.9393,204.4818,226.1663
oridb_394,9,203407,-,308.6773,290.8634,497.5966,453.9208
oridb_395,9,214732,+,818.3311,616.7168,356.7169,361.4177
oridb_396,9,221055,+,306.8811,315.4568,314.9047,299.5134
oridb_397,9,226151,-,244.2458,298.0289,198.7,227.8216
oridb_398,9,237984,+,258.9568,342.1448,294.8133,269.8196
oridb_399,9,245880,-,3554.3268,2282.7984,260.1435,297.2978
oridb_400,9,247752,-,4025.8299,1932.1925,399.4651,364.1025
oridb_401,9,248932,+,1884.918,1241.4849,667.8537,686.1207
oridb_402,9,280045,-,268.7205,330.3331,218.4656,246.0668
oridb_403,9,307974,+,304.7163,306.9389,394.4962,392.2975
oridb_404,9,310783,-,826.3343,881.9444,273.0406,261.1469
oridb_405,9,313944,+,358.0783,318.511,337.5266,276.2941
oridb_406,9,322321,-,471.999,269.5744,388.6686,490.3665
oridb_407,9,328021,+,258.1141,291.2722,314.555,275.7028
oridb_408,9,342029,-,1798.4126,1652.193,355.2305,388.6622
oridb_409,9,357222,+,830.8355,716.7495,781.0451,871.827
oridb_410,9,363233,+,269.4339,316.519,333.8792,283.4051
oridb_411,9,406421,+,345.3387,386.7703,351.4492,420.161
oridb_412,9,412001,-,1004.0802,2145.9443,313.289,303.8209
oridb_413,9,432628,+,140.6921,176.0679,122.054,129.832
oridb_414,9,439100,+,0,1.4418,550.198,635.379
oridb_415,10,268,+,0,1.2024,12.605,13.8593
oridb_416,10,7732,-,0,1.4418,1.4418,1.4418
oridb_417,10,16466,+,5.5859,16.9134,8.4642,10.2999
oridb_418,10,23920,+,459.5516,374.564,284.2408,330.3712
oridb_419,10,47453,+,236.9805,255.8252,240.2937,241.9607
oridb_420,10,67663,+,1409.1949,832.9476,329.0967,389.9024
oridb_421,10,99618,-,586.1628,597.8633,239.1572,258.5252
oridb_422,10,113746,-,1447.2891,1855.2243,253.5688,295.4744
oridb_423,10,121994,-,1032.3234,1012.7973,662.5315,413.6675
oridb_424,10,141272,+,324.0488,210.1702,231.1173,244.9515
oridb_425,10,161739,+,331.9434,382.314,251.7256,284.662
oridb_426,10,173971,+,381.6866,375.63,447.5078,430.41
oridb_427,10,204540,-,4559.6768,3707.3755,251.9822,265.5698
oridb_428,10,217572,+,277.2334,276.9918,302.403,287.8053
oridb_429,10,228874,-,735.0536,1240.0809,207.0588,226.2267
oridb_430,10,248977,-,207.4783,264.12,223.6777,224.2562
oridb_431,10,268747,+,265.0078,299.2502,308.8021,310.7964
oridb_432,10,299008,+,383.3234,409.6057,239.8096,242.5076
oridb_433,10,302984,+,262.513,221.2994,318.0949,315.6422
oridb_435,10,337347,+,2329.1825,2262.1044,401.4649,416.0273
oridb_436,10,354474,+,446.6812,248.3718,168.8885,179.0022
oridb_437,10,374934,+,2335.0665,2209.964,314.677,395.425
oridb_438,10,375904,+,343.0336,410.322,255.3397,248.5457
oridb_439,10,406053,+,293.9196,285.6607,301.8096,287.2467
oridb_440,10,417390,-,2029.9712,3232.1177,291.6412,289.4598
oridb_441,10,442724,-,3455.5047,1322.2042,367.6213,397.1093
oridb_442,10,455398,-,381.0213,454.1225,373.7619,351.3901
oridb_443,10,459750,-,334.9293,289.1518,455.298,506.9795
oridb_444,10,472101,+,282.3151,301.5429,318.5284,320.4915
oridb_445,10,502435,-,233.0673,268.7079,252.0139,227.7774
oridb_446,10,540601,+,938.1107,854.9722,342.7155,344.8463
oridb_447,10,609330,+,554.4885,476.6422,421.0524,450.937
oridb_448,10,613069,-,963.5638,732.2303,692.9359,558.0592
oridb_449,10,628325,+,250.6084,246.4687,266.3016,271.8339
oridb_450,10,644400,+,221.2359,302.8251,263.4274,272.4992
oridb_451,10,654541,-,385.8763,305.0205,276.5015,297.7221
oridb_452,10,684002,+,2744.9453,2244.5455,290.0746,325.0763
oridb_453,10,702852,+,391.1682,319.6565,310.5564,295.6316
oridb_454,10,712011,-,357.1445,389.9347,248.3937,251.4979
oridb_455,10,719716,-,263.5227,317.8846,341.1005,330.8206
oridb_456,10,730109,+,0,1.4418,1.4418,1.4418
oridb_457,10,737201,-,0,1.4418,1.4418,1.4418
oridb_458,10,744928,+,0,1.4418,34.6721,47.3232
oridb_459,11,773,-,0,1.4418,195.2735,227.0032
oridb_460,11,8326,-,246.7308,281.7819,277.6066,279.9561
oridb_461,11,15880,-,163.9953,229.6618,135.226,141.94
oridb_462,11,30735,+,263.4079,233.8391,295.0792,294.801
oridb_463,11,42266,-,352.1981,339.6402,195.8251,211.0774
oridb_464,11,55868,-,1173.7865,987.4675,326.7614,414.1742
oridb_465,11,89133,+,199.3407,233.9941,278.9178,259.5343
oridb_466,11,98389,+,800.5812,647.7285,374.0687,383.2346
oridb_467,11,113837,-,205.703,293.8826,289.2346,272.9937
oridb_468,11,145683,-,210.3408,211.7575,249.8747,282.7341
oridb_469,11,153126,-,793.853,460.0882,249.7818,231.3698
oridb_471,11,169028,-,201.8041,285.3363,232.2482,217.7343
oridb_472,11,196216,-,398.9779,318.0566,336.4183,318.4275
oridb_473,11,200214,+,234.5088,293.4891,217.1623,234.5862
oridb_474,11,213311,-,689.5092,1300.346,287.6986,295.0401
oridb_475,11,235996,+,277.8926,322.1197,266.788,272.7971
oridb_476,11,257577,+,1817.7555,1752.2701,450.6679,468.3671
oridb_477,11,302280,+,482.2395,460.4148,245.2298,269.7015
oridb_478,11,314004,-,209.5162,234.8977,200.5936,206.273
oridb_480,11,329503,-,1017.1392,1044.5311,267.7861,288.2111
oridb_481,11,333989,-,631.4814,389.1448,516.226,416.0326
oridb_482,11,344497,+,239.6734,240.4508,289.1805,270.1168
oridb_483,11,382175,+,425.0295,521.4164,660.5803,629.5535
oridb_484,11,388667,+,1330.6822,1534.4322,298.906,326.929
oridb_485,11,416883,+,1164.2598,1523.0642,257.8314,261.7724
oridb_486,11,444733,+,478.7467,376.467,404.0224,434.8106
oridb_487,11,447842,-,3563.3544,3286.0814,332.2363,316.4466
oridb_488,11,457189,-,454.0346,556.75,274.2705,289.1908
oridb_489,11,462651,-,1804.0343,1680.9857,436.5964,428.1976
oridb_490,11,468393,-,281.0337,273.2053,227.5844,285.1315
oridb_491,11,500772,-,254.1805,316.5196,220.687,198.5241
oridb_492,11,516685,+,1108.3583,1144.7522,278.4841,303.0153
oridb_493,11,520335,+,900.4908,673.1367,470.5921,477.8886
oridb_494,11,530232,-,308.5875,298.1245,296.1739,236.283
oridb_495,11,561108,-,265.9044,212.3374,204.8844,192.17
oridb_496,11,581538,+,3510.4541,1633.474,402.9094,351.4379
oridb_497,11,584302,-,305.1063,394.578,311.7469,316.4399
oridb_498,11,612054,-,656.6204,740.3028,241.0928,295.156
oridb_499,11,617314,+,561.8093,496.8744,294.3697,302.924
oridb_500,11,633773,-,298.7508,303.3882,223.6343,243.8059
oridb_501,11,642421,+,3235.9784,2120.2233,323.8356,324.1914
oridb_502,11,665577,+,0,1.4418,277.3362,351.189
oridb_503,12,281,+,0,1.2258,420.1466,400.9844
oridb_504,12,5918,+,262.0206,2992.9384,368.2564,363.1176
oridb_505,12,11102,-,903.3097,5410.8536,292.1235,226.8515
oridb_506,12,31704,+,791.1079,720.1237,202.0838,206.4956
oridb_507,12,52125,-,340.1297,285.8218,296.2306,283.0361
oridb_508,12,70627,-,256.2222,294.7655,236.0363,228.6844
oridb_509,12,76885,+,404.9741,322.6869,226.7225,208.3912
oridb_510,12,91466,+,1114.3635,1243.5771,291.9834,284.8513
oridb_511,12,93281,+,307.9093,308.2577,323.5408,289.6205
oridb_512,12,139703,+,415.315,374.4618,204.9418,206.7483
oridb_513,12,151321,-,608.3538,583.9861,271.766,279.6727
oridb_514,12,156700,+,661.9504,663.8137,227.7247,227.4842
oridb_515,12,170385,+,244.8073,264.8601,222.6718,221.8115
oridb_516,12,181693,-,271.882,239.8909,244.3215,242.4571
oridb_517,12,198347,-,412.1403,413.9799,466.8469,541.0973
oridb_518,12,222508,-,429.1788,269.2748,285.3922,331.8618
oridb_519,12,231250,+,507.5078,379.3851,275.6767,271.4893
oridb_520,12,243727,+,2191.4453,2854.411,231.5459,217.0086
oridb_521,12,282692,+,457.4207,314.242,322.0901,342.0081
oridb_522,12,289422,-,1392.1639,1060.9414,292.5965,266.0323
oridb_523,12,296517,+,230.1944,231.0466,243.6952,234.6049
oridb_524,12,317465,+,209.3663,272.2673,203.8199,197.6223
oridb_525,12,343855,+,281.5394,256.7485,283.8772,302.6155
oridb_526,12,373329,-,611.9551,679.9898,240.646,248.1645
oridb_527,12,384812,+,283.9351,336.524,298.0998,323.4264
oridb_528,12,412854,-,584.0401,816.3207,194.7014,229.9568
oridb_529,12,418982,+,239.9828,343.7543,313.9927,334.2107
oridb_530,12,437556,-,0,1.4418,1.4418,1.4418
oridb_531,12,450506,+,0,1.4418,1.4418,1.4418
oridb_532,12,459092,-,0,1.4418,1.4418,1.4418
oridb_533,12,460724,-,0,1.4418,1.4418,1.4418
oridb_534,12,468229,-,0,1.4418,1.4418,1.4418
oridb_535,12,494800,-,0,1.4418,1.4418,1.4418
oridb_536,12,513086,-,1135.9648,931.1245,287.2325,299.5167
oridb_537,12,598898,-,98.0011,101.4191,51.4906,59.6523
oridb_538,12,603112,-,736.8868,617.0747,317.0872,326.4381
oridb_539,12,607220,+,260.0057,299.0491,309.1854,312.8468
oridb_540,12,620184,+,261.6688,219.53,323.8862,340.6325
oridb_541,12,622845,+,280.6298,292.5043,231.7264,233.662
oridb_543,12,645173,-,347.9347,323.4217,356.3961,308.4505
oridb_544,12,659894,+,1559.5018,1009.6417,435.3278,540.8682
oridb_545,12,687558,+,332.3164,271.2732,195.6319,222.3649
oridb_546,12,720636,+,356.2279,308.4676,306.9675,391.2866
oridb_547,12,730526,+,1188.7783,1126.5462,415.6251,410.4991
oridb_548,12,745085,-,683.6346,559.5918,1854.1169,1881.6212
oridb_549,12,749161,-,210.8988,240.1535,212.1781,225.8995
oridb_550,12,769174,+,187.1711,206.3239,205.7101,234.3866
oridb_551,12,786360,-,246.0878,262.3271,230.0179,255.7898
oridb_552,12,794208,-,2332.6013,2466.2278,318.4748,404.2799
oridb_554,12,822089,+,401.5424,659.5498,266.8688,288.5776
oridb_556,12,858226,-,214.605,257.0819,257.4746,249.6219
oridb_557,12,872797,+,280.5313,245.8324,264.3285,277.2972
oridb_558,12,888741,-,922.6776,1171.9757,251.3794,307.1313
oridb_559,12,919488,-,369.0723,260.6082,254.765,292.9467
oridb_560,12,928287,+,698.3332,1683.6113,193.5455,209.1385
oridb_561,12,931042,+,514.9418,391.1236,276.7022,273.725
oridb_562,12,948039,+,296.2115,279.7583,286.248,298.2845
oridb_563,12,979874,+,0,1.4418,1.4418,1.4418
oridb_564,12,1007237,+,367.8975,503.1935,249.5808,278.226
oridb_565,12,1013863,-,355.6374,348.7193,469.512,456.9953
oridb_566,12,1022405,+,265.0194,248.4381,458.6543,529.8286
oridb_567,12,1024154,-,473.3071,486.9556,261.1233,310.189
oridb_568,12,1043615,-,217.3181,273.8008,256.7263,259.7665
oridb_569,12,1059143,-,236.7612,299.886,237.9714,261.4258
oridb_570,12,1059720,-,463.0753,496.9364,631.4936,649.9556
oridb_571,12,1064314,+,2389.888,2864.3229,454.0259,463.443
oridb_572,12,1071435,-,81.2839,48.3041,19.6057,25.9623
oridb_573,12,1078098,-,0,0.8604,0.8604,0.8604
oridb_574,13,259,+,0,1.1862,4.6643,7.7156
oridb_575,13,6309,-,0,1.4418,1.4418,1.4418
oridb_576,13,8997,+,221.2222,279.7557,167.9997,171.6296
oridb_577,13,23987,+,739.1484,1317.7286,703.4363,824.7783
oridb_578,13,31766,+,1659.4453,1827.1883,895.0658,880.8629
oridb_579,13,40154,-,360.1977,355.8294,277.2345,267.0843
oridb_580,13,44859,+,295.7537,276.5539,356.1896,352.5556
oridb_581,13,50080,-,254.3911,297.0986,226.2217,237.384
oridb_582,13,64160,+,232.463,281.9167,172.8488,195.0564
oridb_583,13,74035,-,273.3024,298.3388,262.8836,224.4318
oridb_584,13,94391,-,354.4654,327.4896,328.9308,394.7742
oridb_585,13,112434,-,261.5785,290.0269,301.95,298.634
oridb_586,13,137321,+,2480.898,1819.9442,309.8217,350.8818
oridb_587,13,159046,+,1604.0586,1819.2731,496.9298,413.7023
oridb_588,13,183874,-,1780.0645,1457.9181,253.5653,249.9432
oridb_589,13,203038,-,312.2805,310.2616,278.7975,275.4257
oridb_591,13,263126,+,833.7581,801.887,693.9613,767.8539
oridb_592,13,268936,+,333.7881,316.9212,275.444,265.6795
oridb_594,13,286946,-,841.9245,1413.9881,245.9903,239.2689
oridb_595,13,290375,-,347.0128,405.4945,314.2822,329.3962
oridb_596,13,310731,-,230.9857,219.2874,259.9141,265.3439
oridb_597,13,339993,-,271.7605,287.4972,299.6085,301.2438
oridb_598,13,341857,+,293.9787,281.6569,264.8844,284.1149
oridb_599,13,371019,+,801.4063,920.777,239.4937,262.7291
oridb_600,13,372865,+,233.8651,281.5549,90.6491,88.3063
oridb_601,13,395055,-,290.3113,302.0944,273.3903,270.3776
oridb_602,13,417710,+,224.2015,245.6573,226.3413,201.0678
oridb_603,13,421451,+,284.0343,289.9707,265.8571,293.4236
oridb_604,13,433014,+,510.5041,516.3587,280.0523,295.6956
oridb_605,13,468236,+,271.4435,270.4683,232.5195,237.0577
oridb_606,13,477487,+,238.0436,275.694,270.1823,275.2984
oridb_607,13,480532,-,461.5385,429.7009,271.6768,276.3936
oridb_608,13,490377,-,292.5724,287.2376,291.7448,323.2244
oridb_609,13,503643,-,1027.1101,1351.4843,164.8931,163.3583
oridb_610,13,535770,-,1105.7451,2283.8841,197.2017,198.3632
oridb_611,13,543126,-,243.3524,333.3587,236.2017,246.8297
oridb_612,13,554614,-,577.4643,759.7023,294.4202,289.5634
oridb_613,13,568446,+,224.4005,262.9253,274.33,307.6806
oridb_614,13,570116,+,202.3927,220.2192,237.5932,245.0046
oridb_615,13,611317,+,422.7463,408.5487,386.3124,359.0329
oridb_616,13,634520,+,613.0237,589.9588,258.698,273.1509
oridb_617,13,649361,+,391.7821,350.748,241.0577,244.4956
oridb_618,13,688902,+,524.0984,383.1574,251.4203,241.9637
oridb_619,13,725719,-,267.7439,273.6842,226.5277,222.0239
oridb_620,13,758417,-,680.1428,603.8852,353.9841,363.3513
oridb_621,13,759193,-,456.8128,370.2981,633.4629,600.0872
oridb_622,13,772666,+,331.5082,289.0997,275.4888,289.3754
oridb_623,13,789324,-,314.1514,287.0188,260.8088,262.1529
oridb_624,13,805161,+,439.296,1022.8711,255.525,269.057
oridb_625,13,815390,+,553.2569,483.7718,338.9174,343.5993
oridb_626,13,837520,-,336.0193,316.774,251.037,270.1103
oridb_627,13,865455,+,260.4911,234.0915,244.1386,272.3093
oridb_628,13,878719,+,367.4434,320.314,238.4122,225.5703
oridb_629,13,897976,-,2692.3182,1725.6942,279.2956,335.0101
oridb_630,13,918120,+,124.7965,1.4418,1.9036,2.0493
oridb_631,13,923573,+,0,1.4418,19.7731,24.937
oridb_632,14,169,+,0,1.0242,1.0242,1.0242
oridb_633,14,7393,-,620.9756,448.6155,119.9755,128.222
oridb_634,14,14300,-,33.5865,80.1474,56.4527,55.5616
oridb_635,14,28654,-,458.3414,337.9183,394.1547,394.1602
oridb_636,14,33264,+,287.9577,448.1039,377.6696,324.277
oridb_637,14,61858,-,1141.7505,1092.7562,301.3022,339.4673
oridb_638,14,84396,-,230.241,245.7315,277.6913,269.923
oridb_639,14,89757,-,1651.2429,1461.3131,422.0615,365.6348
oridb_640,14,94920,-,276.0802,274.6839,247.8922,259.2485
oridb_641,14,96773,+,104.737,81.0342,52.0615,79.7275
oridb_642,14,116596,-,302.3045,341.308,440.0698,495.6095
oridb_643,14,126797,-,294.3368,250.2598,222.5301,246.4778
oridb_645,14,157529,-,259.6708,265.0682,246.1272,247.6686
oridb_646,14,169750,-,568.3529,719.763,283.8556,317.3725
oridb_647,14,177543,-,175.921,263.9981,200.2893,194.0485
oridb_648,14,196227,-,904.7082,424.5595,559.8882,562.9256
oridb_650,14,250495,-,388.5231,369.8636,239.8148,271.4372
oridb_651,14,253937,+,514.4739,516.8857,412.7397,373.7151
oridb_652,14,279801,+,1240.5662,1004.8112,254.4853,274.8605
oridb_653,14,322005,+,749.6707,1083.1628,253.647,275.7309
oridb_654,14,325125,-,304.8908,242.0211,382.8558,433.604
oridb_655,14,343588,-,299.2471,351.4332,308.6546,349.758
oridb_656,14,352774,+,588.3459,340.1948,289.4265,317.1605
oridb_658,14,359370,+,234.0314,389.4414,218.1441,205.0197
oridb_659,14,412444,-,990.469,938.5941,312.7774,310.3341
oridb_660,14,415876,-,491.9078,361.5078,288.4974,284.7019
oridb_661,14,431530,+,267.9162,280.0219,282.6235,244.8252
oridb_662,14,449539,-,687.0136,1238.866,272.3429,282.5236
oridb_663,14,457439,+,252.1794,279.4705,237.3512,248.9513
oridb_664,14,499041,+,3607.4686,2653.1881,612.489,510.4353
oridb_665,14,515724,-,308.7754,285.3941,271.9743,277.097
oridb_666,14,546151,-,1073.4443,920.0431,366.7809,465.743
oridb_667,14,556234,-,446.6258,283.7635,1284.8046,1339.713
oridb_668,14,561332,-,696.3449,938.0285,252.0341,276.9134
oridb_669,14,567826,+,325.0039,193.3651,111.4616,113.5791
oridb_670,14,577102,-,492.9009,424.2717,382.5775,357.3086
oridb_671,14,587072,-,313.9291,296.7426,357.224,361.4561
oridb_672,14,609537,+,419.9771,414.7077,244.7498,214.2926
oridb_673,14,616871,+,273.495,271.3927,273.1603,286.7461
oridb_674,14,635836,-,883.032,778.5007,345.8881,397.926
oridb_675,14,651998,-,282.0842,269.1241,313.0751,370.3188
oridb_676,14,676074,-,286.3829,303.2463,296.9495,260.4412
oridb_677,14,691683,-,504.4159,591.5865,281.4994,302.5973
oridb_678,14,703895,+,330.533,428.6998,476.5056,511.5525
oridb_679,14,713947,+,314.9588,307.9469,330.024,342.0524
oridb_680,14,731499,+,232.3061,295.7352,262.2853,312.2664
oridb_681,14,734169,+,255.3555,319.4069,335.3021,373.2218
oridb_682,14,738719,+,2055.2823,1199.9567,235.4672,257.887
oridb_683,14,764358,-,619.5305,631.0792,229.0082,279.3981
oridb_684,14,776299,+,152.3132,1.4418,2.1352,2.3072
oridb_685,14,783313,+,0,1.4418,15.4726,15.7084
oridb_686,15,812,-,0,1.4418,1176.3339,1325.1958
oridb_687,15,10926,+,364.8323,502.8893,160.9452,205.5096
oridb_688,15,19329,-,342.936,372.1753,232.136,277.2933
oridb_690,15,35713,+,311.0312,292.8896,252.0356,307.482
oridb_691,15,44726,-,239.7621,216.3432,277.4426,317.054
oridb_692,15,72688,+,752.1765,571.1493,554.6589,548.7581
oridb_693,15,80463,-,536.2098,332.9467,594.7578,641.2944
oridb_694,15,85361,-,572.2615,602.5255,244.8785,290.015
oridb_695,15,103325,+,265.1596,262.4459,284.8084,304.0582
oridb_696,15,113895,+,748.768,739.9259,289.9606,293.9156
oridb_697,15,129028,+,270.3415,367.0611,279.4334,315.1454
oridb_698,15,155276,-,244.1898,318.356,259.7288,256.3641
oridb_699,15,159536,-,1671.9116,2126.5582,1577.8209,1266.9402
oridb_700,15,167003,+,1854.582,911.0632,299.0502,316.648
oridb_701,15,228014,+,550.4995,731.1713,258.6211,288.1068
oridb_702,15,242824,+,275.8907,269.2312,307.944,312.2397
oridb_704,15,277734,-,1389.4806,1716.2693,574.3128,556.9476
oridb_705,15,309266,-,747.9863,803.4653,318.0121,351.6527
oridb_706,15,331929,-,311.4578,327.652,371.3505,299.8399
oridb_707,15,337485,-,2127.0887,1910.9465,299.0645,314.5978
oridb_708,15,348370,+,354.5018,410.9116,281.3349,280.1736
oridb_709,15,354609,+,366.5324,593.4937,271.8656,239.2476
oridb_710,15,372305,-,247.9874,248.4999,237.3537,224.7936
oridb_711,15,398646,+,249.8522,225.7987,248.5513,277.7666
oridb_712,15,436870,-,666.5344,1326.1037,244.9075,254.9319
oridb_713,15,445914,+,1086.1814,895.2328,494.449,434.5416
oridb_714,15,458715,-,303.7208,321.0825,301.9054,323.8172
oridb_715,15,464730,+,680.4714,736.3966,336.7962,292.3843
oridb_716,15,489835,+,399.3368,384.6139,234.0956,239.5883
oridb_717,15,495594,+,334.5138,341.0194,385.7992,395.962
oridb_718,15,497418,-,335.3813,437.4686,193.1208,220.1991
oridb_719,15,515071,+,341.8854,277.7335,548.0712,534.3095
oridb_720,15,520977,-,347.8891,347.8412,425.472,370.2199
oridb_721,15,566599,-,368.7087,752.6304,247.547,264.0182
oridb_722,15,577681,+,279.4075,295.0639,175.8325,190.9415
oridb_723,15,600939,-,578.8051,973.5338,186.7399,204.7745
oridb_724,15,605337,+,358.2265,299.6869,302.9878,340.1707
oridb_725,15,618285,-,274.083,261.9319,302.4788,299.2263
oridb_727,15,646939,+,215.7148,334.2678,234.7718,225.5713
oridb_728,15,656702,+,1500.0451,1032.2711,595.1049,562.0427
oridb_729,15,663646,+,578.0703,386.8721,267.8373,251.6476
oridb_730,15,670323,-,261.2268,310.2691,261.6824,251.3212
oridb_731,15,681367,-,989.2043,833.1797,424.8635,419.2582
oridb_732,15,708201,+,0,1.4418,1.4418,1.4418
oridb_733,15,729796,+,476.9592,357.0837,260.7086,246.5787
oridb_734,15,736293,-,244.4962,306.1054,234.07,235.4008
oridb_735,15,764388,+,223.9921,295.046,247.5658,284.6356
oridb_736,15,766690,+,382.4589,487.5941,224.3393,237.1425
oridb_737,15,783387,+,1106.5465,868.353,257.1901,222.2332
oridb_738,15,848297,+,229.3045,250.9449,283.5847,356.1305
oridb_739,15,855009,-,431.0442,508.0024,236.1757,261.0424
oridb_740,15,874371,-,524.7003,584.0996,224.8207,254.2473
oridb_741,15,882756,+,407.2752,363.5257,327.7518,298.6438
oridb_742,15,899703,+,421.6958,557.4012,342.318,348.843
oridb_743,15,902450,-,270.5004,214.6597,266.8255,262.9375
oridb_744,15,908310,+,2501.7108,2124.005,286.9201,289.5321
oridb_745,15,946159,-,293.9298,380.9856,272.4621,285.9508
oridb_746,15,981508,+,332.7003,276.44,239.5905,243.8883
oridb_747,15,998345,-,222.5125,256.3886,222.3208,223.5231
oridb_748,15,1012204,-,308.1198,254.3151,288.4957,268.688
oridb_749,15,1019632,+,284.0399,219.967,265.2523,270.136
oridb_750,15,1023347,+,285.9284,275.8311,287.6727,233.8158
oridb_751,15,1053696,+,453.8009,368.6359,228.0929,228.9568
oridb_752,15,1059530,-,337.6968,346.336,479.7721,614.8999
oridb_753,15,1071747,-,42.444,59.1202,54.4726,52.2893
oridb_754,15,1083955,+,65.1284,37.6162,27.8576,34.3889
oridb_755,15,1091063,-,0,1.1286,12.9405,17.3508
oridb_756,16,78,+,0,0.8604,0.8604,0.8604
oridb_757,16,7188,-,51.184,54.9376,26.5217,26.4222
oridb_758,16,13018,-,95.7348,149.9499,74.2854,79.1322
oridb_759,16,19123,+,42.2675,60.0384,66.3415,55.3978
oridb_760,16,43163,-,1253.5139,1087.5103,299.1707,321.9524
oridb_761,16,62843,-,267.5758,221.7183,413.5102,469.1127
oridb_762,16,73205,-,983.4612,1124.8301,509.6693,526.0273
oridb_763,16,90516,-,386.699,399.8215,262.3467,285.4545
oridb_764,16,116593,+,1122.782,1098.4779,246.7211,265.3463
oridb_766,16,162471,+,984.9273,769.1257,242.3346,247.7064
oridb_767,16,179083,-,289.0262,259.4557,289.6754,301.1775
oridb_768,16,191324,-,241.9952,264.1695,221.3325,280.271
oridb_769,16,195942,-,301.8734,277.1509,283.3064,272.9454
oridb_770,16,210821,-,313.8339,466.5107,244.8182,238.6438
oridb_771,16,215702,-,300.8704,297.1573,259.4443,270.247
oridb_772,16,220632,+,207.2287,232.1044,213.0365,207.885
oridb_773,16,241546,+,250.9999,269.321,283.552,290.7479
oridb_774,16,250646,-,250.7521,358.3032,207.362,231.7337
oridb_775,16,261552,-,383.0297,370.7871,238.7169,225.7572
oridb_776,16,265718,+,284.6046,297.5809,274.8185,309.6866
oridb_777,16,274462,-,257.3268,268.149,308.6258,326.8457
oridb_778,16,289530,+,566.9004,612.325,430.2554,479.6255
oridb_779,16,298478,+,304.9439,345.9847,235.3013,288.4654
oridb_780,16,304074,+,798.8191,834.1906,344.7042,338.7966
oridb_781,16,317568,-,315.004,432.1846,248.5123,254.2732
oridb_782,16,327965,-,293.0738,295.9935,253.6718,258.7759
oridb_783,16,331784,+,265.6636,360.9593,259.3169,263.9659
oridb_784,16,355618,+,266.5523,268.114,322.551,363.3712
oridb_785,16,369445,-,343.9472,322.2827,333.6355,264.796
oridb_786,16,377162,+,362.589,336.8006,215.9926,216.0264
oridb_787,16,384594,+,1350.9029,1924.363,228.2932,246.0498
oridb_788,16,415466,+,328.1811,346.6408,270.1104,293.4043
oridb_789,16,418180,+,1374.7021,925.4909,308.9901,335.0552
oridb_790,16,422977,+,271.1172,272.7127,255.8916,248.7099
oridb_791,16,427947,-,255.5706,309.3975,296.2303,264.3225
oridb_792,16,441207,+,0,1.4418,1.4418,1.4418
oridb_793,16,454097,+,586.2173,599.7594,436.2024,392.9691
oridb_794,16,456761,-,594.7948,388.3261,221.7791,280.6788
oridb_795,16,478378,+,238.2292,272.5964,241.9145,242.9346
oridb_796,16,488893,+,239.3751,324.3165,203.5594,269.077
oridb_797,16,499366,+,394.2852,821.5062,329.4372,399.8774
oridb_798,16,511706,+,1263.3848,1307.3941,242.4687,243.5293
oridb_799,16,553410,-,370.7171,400.1754,347.473,319.9127
oridb_800,16,558028,+,344.5571,352.277,298.1848,312.5169
oridb_801,16,563879,+,776.289,740.1949,382.2505,425.9217
oridb_802,16,565117,+,438.1886,345.1389,374.8991,317.352
oridb_803,16,568959,+,300.9164,296.1121,322.5431,293.5528
oridb_804,16,584414,-,407.3877,400.0631,335.0734,342.2528
oridb_805,16,588949,-,273.9575,286.5632,329.2973,336.3143
oridb_806,16,600301,-,201.609,240.5147,186.8241,199.965
oridb_807,16,608621,-,327.3418,306.5529,359.8795,353.3622
oridb_808,16,620267,-,211.5191,201.6229,223.6102,200.9624
oridb_809,16,633923,+,1019.1721,773.4503,231.4644,245.0488
oridb_810,16,654881,-,589.8183,587.111,318.1727,404.435
oridb_811,16,684407,+,374.3279,325.6765,291.5174,262.0143
oridb_812,16,689426,-,685.3318,542.6245,333.1746,331.8346
oridb_813,16,695467,+,5315.034,3700.8285,419.882,380.6165
oridb_815,16,728919,+,256.7742,295.1052,222.9723,215.6572
oridb_816,16,749119,+,457.7167,408.4807,471.2518,466.8002
oridb_817,16,777097,-,1676.084,2051.4298,272.9637,275.675
oridb_818,16,819342,-,1804.2402,1814.2505,214.8318,216.9293
oridb_819,16,824999,+,294.0355,304.3484,360.2063,339.8948
oridb_820,16,842757,-,376.2655,470.292,226.422,282.2951
oridb_821,16,850167,-,95.1833,101.3323,117.3443,140.169
oridb_822,16,864374,-,321.9413,355.2963,331.379,316.0589
oridb_823,16,866056,+,267.1156,305.2089,339.3509,316.0311
oridb_824,16,880907,+,1284.0496,2301.1682,250.8209,318.3116
oridb_825,16,909825,+,205.2154,296.3894,180.3465,187.8998
oridb_826,16,930165,-,287.1988,310.7184,330.3863,300.3082
oridb_827,16,933167,-,338.503,625.4393,208.5792,222.7989
oridb_828,16,942427,+,893.1375,1839.9517,257.2921,253.1178
oridb_829,16,947899,-,0,1.0152,2.271,2.7391
